artist,title,downloads,link,scrape_time
Meek Mill,Dreamchasers 2,4827407,/Meek-Mill-Dreamchasers-2-mixtape.339288.html,15-09-18
Lil Wayne,Sorry 4 The Wait,3147658,/Lil-Wayne-Sorry-4-The-Wait-mixtape.250654.html,15-09-18
Wiz Khalifa,Taylor Allderdice,2456413,/Wiz-Khalifa-Taylor-Allderdice-mixtape.324466.html,15-09-18
Big Sean,Detroit,2426822,/Big-Sean-Detroit-mixtape.390127.html,15-09-18
Lil Wayne,Dedication 4,2396618,/Lil-Wayne-Dedication-4-mixtape.385544.html,15-09-18
Rick Ross,Rich Forever,2177336,/Rick-Ross-Rich-Forever-mixtape.296828.html,15-09-18
ASAP Rocky,LiveLoveA$ap,1959089,/ASAP-Rocky-LiveLoveAap-mixtape.278798.html,15-09-18
Wiz Khalifa,Cabin Fever 2,1959087,/Wiz-Khalifa-Cabin-Fever-2-mixtape.406664.html,15-09-18
Jadakiss,Consignment,1903881,/Jadakiss-Consignment-mixtape.340926.html,15-09-18
Wiz Khalifa,Kush & OJ,1900766,/Wiz-Khalifa-Kush-OJ-mixtape.112367.html,15-09-18
Lil Wayne,No Ceilings,1855662,/Lil-Wayne-No-Ceilings-mixtape.75250.html,15-09-18
Lil Wayne,Dedication 5,1737006,/Lil-Wayne-Dedication-5-mixtape.525016.html,15-09-18
Chance The Rapper,Acid Rap,1660700,/Chance-The-Rapper-Acid-Rap-mixtape.483826.html,15-09-18
Drake,So Far Gone ,1613823,/Drake-So-Far-Gone-mixtape.34130.html,15-09-18
Wiz Khalifa,Cabin Fever,1549951,/Wiz-Khalifa-Cabin-Fever-mixtape.200862.html,15-09-18
Meek Mill,Dreamchasers 3,1546419,/Meek-Mill-Dreamchasers-3-mixtape.439835.html,15-09-18
French Montana,Mac & Cheese 3 ,1536619,/French-Montana-Mac-Cheese-3-mixtape.392996.html,15-09-18
J Cole,Friday Night Lights,1410384,/J-Cole-Friday-Night-Lights-mixtape.168650.html,15-09-18
Meek Mill,Dreamchasers,1409318,/Meek-Mill-Dreamchasers-mixtape.256292.html,15-09-18
Wiz Khalifa,28 Grams,1375180,/Wiz-Khalifa-28-Grams-mixtape.613330.html,15-09-18
Mac Miller,Macadelic,1367539,/Mac-Miller-Macadelic-mixtape.327035.html,15-09-18
Rick Ross,The Black Bar Mitzvah,1333951,/Rick-Ross-The-Black-Bar-Mitzvah-mixtape.402975.html,15-09-18
Fabolous,The Soul Tape 2,1301478,/Fabolous-The-Soul-Tape-2-mixtape.409614.html,15-09-18
Future,Purple Reign,1281554,/Future-Purple-Reign-mixtape.760632.html,15-09-18
Lil Wayne,Sorry 4 The Wait 2,1260236,/Lil-Wayne-Sorry-4-The-Wait-2-mixtape.681236.html,15-09-18
Wale,Folarin,1247704,/Wale-Folarin-mixtape.433113.html,15-09-18
Tyga,Well Done 3,1214073,/Tyga-Well-Done-3-mixtape.372259.html,15-09-18
Mac Miller,Best Day Ever,1192876,/Mac-Miller-Best-Day-Ever-mixtape.207667.html,15-09-18
Kevin Gates,Luca Brasi 2,1157389,/Kevin-Gates-Luca-Brasi-2-mixtape.666402.html,15-09-18
Mac Miller,K.I.D.S,1153434,/Mac-Miller-KIDS-mixtape.143884.html,15-09-18
Rich Homie Quan,I Promise I Will Never Stop Going In,1119807,/Rich-Homie-Quan-I-Promise-I-Will-Never-Stop-Going-In-mixtape.553953.html,15-09-18
Fabolous,There Is No Competition: Death Comes In 3's,1102009,/Fabolous-There-Is-No-Competition-Death-Comes-In-3s-mixtape.291573.html,15-09-18
Young Jeezy,Its Tha World,1051524,/Young-Jeezy-Its-Tha-World-mixtape.425097.html,15-09-18
Waka Flocka,Salute Me Or Shoot Me 4: Banned From America,1047006,/Waka-Flocka-Salute-Me-Or-Shoot-Me-4-Banned-From-America-mixtape.378720.html,15-09-18
The Weeknd,House Of Balloons,1044976,/The-Weeknd-House-Of-Balloons-mixtape.211140.html,15-09-18
Kevin Gates,By Any Means,1015826,/Kevin-Gates-By-Any-Means-mixtape.585535.html,15-09-18
Kendrick Lamar,O.verly D.edicated,1015678,/Kendrick-Lamar-Overly-Dedicated-mixtape.152921.html,15-09-18
Fabolous,Summertime Shootout ,1015215,/Fabolous-Summertime-Shootout-mixtape.745726.html,15-09-18
Yo Gotti,CM7: The World Is Yours,1008677,/Yo-Gotti-CM7-The-World-Is-Yours-mixtape.405210.html,15-09-18
2 Chainz,T.R.U. REALigion,982926,/2-Chainz-TRU-REALigion-mixtape.265920.html,15-09-18
Fabolous,The Soul Tape,981541,/Fabolous-The-Soul-Tape-mixtape.220063.html,15-09-18
Wiz Khalifa & Curren$y,How Fly,955341,/Wiz-Khalifa-Curreny-How-Fly-mixtape.60260.html,15-09-18
Gucci Mane,Trap God,950694,/Gucci-Mane-Trap-God-mixtape.391802.html,15-09-18
Logic,Young Sinatra: Welcome To Forever,949501,/Logic-Young-Sinatra-Welcome-To-Forever-mixtape.483644.html,15-09-18
Fabolous,The Soul Tape 3,929305,/Fabolous-The-Soul-Tape-3-mixtape.558951.html,15-09-18
Migos,No Label 2,896098,/Migos-No-Label-2-mixtape.579522.html,15-09-18
French Montana,Coke Boys 4,893731,/French-Montana-Coke-Boys-4-mixtape.561624.html,15-09-18
Lil Wayne,The Dedication 2,886844,/Lil-Wayne-The-Dedication-2-mixtape.799.html,15-09-18
French Montana & Coke Boys,Coke Boys 3,880840,/French-Montana-Coke-Boys-Coke-Boys-3-mixtape.323050.html,15-09-18
Logic,Young Sinatra: Undeniable ,877323,/Logic-Young-Sinatra-Undeniable-mixtape.346367.html,15-09-18
Lil Wayne,No Ceilings 2,873814,/Lil-Wayne-No-Ceilings-2-mixtape.744493.html,15-09-18
Young Jeezy,The Real Is Back,865882,/Young-Jeezy-The-Real-Is-Back-mixtape.234092.html,15-09-18
Drake,Comeback Season,853157,/Drake-Comeback-Season-mixtape.111435.html,15-09-18
The Weeknd,Echoes Of Silence,837201,/The-Weeknd-Echoes-Of-Silence-mixtape.296051.html,15-09-18
Chief Keef,Back From The Dead,832191,/Chief-Keef-Back-From-The-Dead-mixtape.324584.html,15-09-18
Wiz Khalifa,Burn After Rolling,827711,/Wiz-Khalifa-Burn-After-Rolling-mixtape.75430.html,15-09-18
Tyga,#BitchImTheShit,825875,/Tyga-BitchImTheShit-mixtape.290715.html,15-09-18
Joey Bada$$,1999,811898,/Joey-Bada-1999-mixtape.361792.html,15-09-18
Future & FreeBand Gang,Future Presents F.B.G: The Movie,798870,/Future-FreeBand-Gang-Future-Presents-FBG-The-Movie-mixtape.431423.html,15-09-18
Future & DJ Esco,Project E.T.,792550,/Future-DJ-Esco-Project-ET-mixtape.790706.html,15-09-18
Gucci Mane,Trap Back,788705,/Gucci-Mane-Trap-Back-mixtape.305854.html,15-09-18
Future & DJ Esco,56 Nights,787810,/Future-DJ-Esco-56-Nights-mixtape.695558.html,15-09-18
Childish Gambino,Royalty,783905,/Childish-Gambino-Royalty-mixtape.369224.html,15-09-18
Tyga,Well Done 2,773520,/Tyga-Well-Done-2-mixtape.252451.html,15-09-18
Wiz Khalifa,Flight School,766010,/Wiz-Khalifa-Flight-School-mixtape.42357.html,15-09-18
Juelz Santana,God Will'n,755594,/Juelz-Santana-God-Willn-mixtape.433174.html,15-09-18
Young Thug,Slime Season,749504,/Young-Thug-Slime-Season-mixtape.718112.html,15-09-18
Ace Hood,Starvation 2,748464,/Ace-Hood-Starvation-2-mixtape.435722.html,15-09-18
Wyclef Jean,April Showers,738567,/Wyclef-Jean-April-Showers-mixtape.482242.html,15-09-18
The Weeknd,Thursday,731777,/The-Weeknd-Thursday-mixtape.262806.html,15-09-18
Future,Monster,727080,/Future-Monster-mixtape.652571.html,15-09-18
50 Cent,The Lost Tape,717216,/50-Cent-The-Lost-Tape-mixtape.351717.html,15-09-18
Gucci Mane,I'm Up,709932,/Gucci-Mane-Im-Up-mixtape.352397.html,15-09-18
Lil Wayne,Dedication 3,708765,/Lil-Wayne-Dedication-3-mixtape.23950.html,15-09-18
Logic,Young Sinatra,707155,/Logic-Young-Sinatra-mixtape.271763.html,15-09-18
Lil Wayne,Dedication 6,702595,/Lil-Wayne-Dedication-6-mixtape.847743.html,15-09-18
Chris Brown & Tyga,Fan Of A Fan,702190,/Chris-Brown-Tyga-Fan-Of-A-Fan-mixtape.120319.html,15-09-18
J. Cole,The Warm Up,699032,/J-Cole-The-Warm-Up-mixtape.83635.html,15-09-18
Cassie,RockaByeBaby,697335,/Cassie-RockaByeBaby-mixtape.465275.html,15-09-18
Future,Astronaut Status,694809,/Future-Astronaut-Status-mixtape.303755.html,15-09-18
Big Sean,Finally Famous 3,686618,/Big-Sean-Finally-Famous-3-mixtape.148582.html,15-09-18
J Cole,Truly Yours 2,683887,/J-Cole-Truly-Yours-2-mixtape.483912.html,15-09-18
Juicy J,Blue Dream & Lean,676622,/Juicy-J-Blue-Dream-Lean-mixtape.288944.html,15-09-18
50 Cent,The Kanan Tape,675987,/50-Cent-The-Kanan-Tape-mixtape.740697.html,15-09-18
French Montana,Casino Life 2: Brown Bag Legend ,671881,/French-Montana-Casino-Life-2-Brown-Bag-Legend-mixtape.707038.html,15-09-18
Nipsey Hussle,Crenshaw,656237,/Nipsey-Hussle-Crenshaw-mixtape.532448.html,15-09-18
Lil Durk,Signed To The Streets 2,654361,/Lil-Durk-Signed-To-The-Streets-2-mixtape.620642.html,15-09-18
J. Cole,Truly Yours,650002,/J-Cole-Truly-Yours-mixtape.453989.html,15-09-18
"Rich Gang (Young Thug, Birdman & Rich Homie Quan)",Rich Gang: Tha Tour Pt 1,649954,/Rich-Gang-Young-Thug-Rich-Gang-Tha-Tour-Pt-1-mixtape.651609.html,15-09-18
Lil Durk,Signed To The Streets,644872,/Lil-Durk-Signed-To-The-Streets-mixtape.515989.html,15-09-18
Future,Beast Mode,638682,/Future-Beast-Mode-mixtape.680672.html,15-09-18
Fabolous,Summertime Shootout 2,637122,/Fabolous-Summertime-Shootout-2-mixtape.794922.html,15-09-18
Young Thug,Slime Season 2,635436,/Young-Thug-Slime-Season-2-mixtape.743358.html,15-09-18
Curren$y,New Jet City,631619,/Curreny-New-Jet-City-mixtape.449095.html,15-09-18
Gucci Mane,Trap God 2,627900,/Gucci-Mane-Trap-God-2-mixtape.453652.html,15-09-18
Pusha T,Wrath Of Caine,627736,/Pusha-T-Wrath-Of-Caine-mixtape.443448.html,15-09-18
Lil Wayne,Da Drought 3 - Disc 1,613857,/Lil-Wayne-Da-Drought-3-Disc-1-mixtape.4313.html,15-09-18
YG,Just Re'd Up 2,612436,/YG-Just-Red-Up-2-mixtape.441217.html,15-09-18
Wale,More About Nothing,612357,/Wale-More-About-Nothing-mixtape.141231.html,15-09-18
Meek Mill,Mr Philadelphia,609644,/Meek-Mill-Mr-Philadelphia-mixtape.146929.html,15-09-18
Tyler The Creator,Bastard,603394,/Tyler-The-Creator-Bastard-mixtape.184449.html,15-09-18
Curren$y & Styles P,#The1st28,599449,/Curreny-Styles-P-The1st28-mixtape.319149.html,15-09-18
Rick Ross,Ashes To Ashes,593754,/Rick-Ross-Ashes-To-Ashes-mixtape.181570.html,15-09-18
Tyga,Well Done,593414,/Tyga-Well-Done-mixtape.167426.html,15-09-18
B.o.B,Fuck Em We Ball,577406,/BoB-Fuck-Em-We-Ball-mixtape.415029.html,15-09-18
Lecrae,Church Clothes,572313,/Lecrae-Church-Clothes-mixtape.348497.html,15-09-18
Chance The Rapper,Coloring Book,570955,/Chance-The-Rapper-Coloring-Book-mixtape.783240.html,15-09-18
Ace Hood,Starvation 3,569467,/Ace-Hood-Starvation-3-mixtape.557340.html,15-09-18
Chance The Rapper,10 Day,562411,/Chance-The-Rapper-10-Day-mixtape.337986.html,15-09-18
KiD CuDi,A Kid Named Cudi,561547,/KiD-CuDi-A-Kid-Named-Cudi-mixtape.28404.html,15-09-18
T.I.,F*ck Da City Up,553657,/TI-Fck-Da-City-Up-mixtape.296837.html,15-09-18
Kodak Black,Lil B.I.G. Pac,551085,/Kodak-Black-Lil-BIG-Pac-mixtape.787992.html,15-09-18
Chris Brown,Boy In Detention,550731,/Chris-Brown-Boy-In-Detention-mixtape.257564.html,15-09-18
Rick Ross,Black Dollar,549168,/Rick-Ross-Black-Dollar-mixtape.732049.html,15-09-18
Mac Miller,The High Life,545292,/Mac-Miller-The-High-Life-mixtape.84610.html,15-09-18
Ace Hood,Starvation,539625,/Ace-Hood-Starvation-mixtape.320847.html,15-09-18
Chris Brown ,Before The Party,538947,/Chris-Brown-Before-The-Party-mixtape.749638.html,15-09-18
Migos,Y.R.N. (Young Rich Niggas),536251,/Migos-YRN-Young-Rich-Niggas-mixtape.498752.html,15-09-18
Wiz Khalifa,Cabin Fever 3,533956,/Wiz-Khalifa-Cabin-Fever-3-mixtape.751890.html,15-09-18
Tyga,Well Done 4,524881,/Tyga-Well-Done-4-mixtape.555029.html,15-09-18
Trey Songz,Anticipation 2,513125,/Trey-Songz-Anticipation-2-mixtape.279088.html,15-09-18
Wiz Khalifa,Star Power,510745,/Wiz-Khalifa-Star-Power-mixtape.62200.html,15-09-18
Los,Becoming King,506913,/Los-Becoming-King-mixtape.410791.html,15-09-18
Mac Miller,Faces,499073,/Mac-Miller-Faces-mixtape.610770.html,15-09-18
Kevin Gates,The Luca Brasi Story,497267,/Kevin-Gates-The-Luca-Brasi-Story-mixtape.450051.html,15-09-18
Lil Wayne,The Dedication,496626,/Lil-Wayne-The-Dedication-mixtape.51.html,15-09-18
Lil Wayne,Da Drought 3 - Disc 2,495630,/Lil-Wayne-Da-Drought-3-Disc-2-mixtape.4314.html,15-09-18
Kevin Gates,Murder For Hire,491531,/Kevin-Gates-Murder-For-Hire-mixtape.711886.html,15-09-18
Boosie Bad Azz,Life After Deathrow,491112,/Boosie-Bad-Azz-Life-After-Deathrow-mixtape.660415.html,15-09-18
Yo Gotti,Concealed,490749,/Yo-Gotti-Concealed-mixtape.680602.html,15-09-18
Kevin Gates,Stranger Than Fiction,484954,/Kevin-Gates-Stranger-Than-Fiction-mixtape.515984.html,15-09-18
Tyga,Black Thoughts 2,484716,/Tyga-Black-Thoughts-2-mixtape.218500.html,15-09-18
Young Jeezy,Trap Or Die 2,481973,/Young-Jeezy-Trap-Or-Die-2-mixtape.117512.html,15-09-18
Vado,Slime Flu 4,474492,/Vado-Slime-Flu-4-mixtape.517960.html,15-09-18
Wale,The Eleven One Eleven Theory ,473749,/Wale-The-Eleven-One-Eleven-Theory-mixtape.262805.html,15-09-18
Curren$y,Verde Terrace,472512,/Curreny-Verde-Terrace-mixtape.262815.html,15-09-18
Lil Uzi Vert,Lil Uzi Vs The World,468601,/Lil-Uzi-Vert-Lil-Uzi-Vs-The-World-mixtape.778460.html,15-09-18
Fabolous,There Is No Competition 2: The Funeral Service ,462857,/Fabolous-There-Is-No-Competition-2-The-Funeral-Service-mixtape.103255.html,15-09-18
French Montana,Wave Gods,457487,/French-Montana-Wave-Gods-mixtape.767788.html,15-09-18
Lil Wayne,D6: Reloaded,455115,/Lil-Wayne-D6-Reloaded-mixtape.877942.html,15-09-18
Kid Ink,Rocketshipshawty,454635,/Kid-Ink-Rocketshipshawty-mixtape.418446.html,15-09-18
Jeremih,Late Nights With Jeremih,447325,/Jeremih-Late-Nights-With-Jeremih-mixtape.379278.html,15-09-18
Nipsey Hussle,Mailbox Money,445562,/Nipsey-Hussle-Mailbox-Money-mixtape.675450.html,15-09-18
Tory Lanez,The New Toronto,442151,/Tory-Lanez-The-New-Toronto-mixtape.755403.html,15-09-18
Trey Songz,To Whom It May Concern,441541,/Trey-Songz-To-Whom-It-May-Concern-mixtape.749949.html,15-09-18
Ace Hood,Body Bag Vol 2,440725,/Ace-Hood-Body-Bag-Vol-2-mixtape.377399.html,15-09-18
Kevin Gates,In The Meantime,437432,/Kevin-Gates-In-The-Meantime-mixtape.402868.html,15-09-18
Post Malone,August 26th,436441,/Post-Malone-August-26th-mixtape.783234.html,15-09-18
Ty Dolla Sign (Ty$),Sign Language ,433145,/Ty-Dolla-Sign-Ty-Sign-Language-mixtape.639974.html,15-09-18
Chief Keef,Bang Pt. 2,430867,/Chief-Keef-Bang-Pt-2-mixtape.438612.html,15-09-18
Travi$ Scott,Days Before Rodeo,424880,/Travi-Scott-Days-Before-Rodeo-mixtape.640174.html,15-09-18
Kirko Bangz,Procrastination Kills 4,423343,/Kirko-Bangz-Procrastination-Kills-4-mixtape.383970.html,15-09-18
Childish Gambino,STN MTN/ Kauai Mixtape,418607,/Childish-Gambino-STN-MTN-Kauai-Mixtape.642620.html,15-09-18
Yo Gotti,The Return,417002,/Yo-Gotti-The-Return-mixtape.734319.html,15-09-18
Migos,Y.R.N. 2 (Young Rich Niggas 2),416699,/Migos-YRN-2-Young-Rich-Niggas-2-mixtape.760168.html,15-09-18
Young Jeezy,Gangsta Party,414260,/Young-Jeezy-Gangsta-Party-mixtape.711116.html,15-09-18
Rich Homie Quan ,Still Goin In (Reloaded),414229,/Rich-Homie-Quan-Still-Goin-In-Reloaded-mixtape.461556.html,15-09-18
Lil Herb,Welcome To Fazoland,411574,/Lil-Herb-Welcome-To-Fazoland-mixtape.580474.html,15-09-18
King Los,Zero Gravity 2,411503,/King-Los-Zero-Gravity-2-mixtape.592172.html,15-09-18
Dom Kennedy,Yellow Album ,407917,/Dom-Kennedy-Yellow-Album-mixtape.365059.html,15-09-18
Yo Gotti,CM8,404504,/Yo-Gotti-CM8-mixtape.749582.html,15-09-18
Future,Streetz Calling,401995,/Future-Streetz-Calling-mixtape.262956.html,15-09-18
Yo Gotti,CM6: Gangsta Of The Year,399179,/Yo-Gotti-CM6-Gangsta-Of-The-Year-mixtape.244807.html,15-09-18
Yo Gotti,January 10th (mixtape),396339,/Yo-Gotti-January-10th-Mixtape.299073.html,15-09-18
Tory Lanez,Chixtape 4,394772,/Tory-Lanez-Chixtape-4-mixtape.821083.html,15-09-18
Lil Durk,300 Days 300 Nights,393804,/Lil-Durk-300-Days-300-Nights-mixtape.741374.html,15-09-18
Lloyd Banks,V6: The Gift,392715,/Lloyd-Banks-V6-The-Gift-mixtape.348701.html,15-09-18
YG Feat. DJ Mustard,4 Hunnid Degreez ,390321,/YG-feat-DJ-Mustard-4-Hunnid-Degreez-mixtape.317249.html,15-09-18
Migos,Rich Nigga Timeline,389484,/Migos-Rich-Nigga-Timeline-mixtape.661196.html,15-09-18
Curren$y,The Drive In Theatre,389008,/Curreny-The-Drive-In-Theatre-mixtape.578652.html,15-09-18
Lil Bibby,Free Crack 2,388156,/Lil-Bibby-Free-Crack-2-mixtape.615403.html,15-09-18
Curren$y,Priest Andretti,387044,/Curreny-Priest-Andretti-mixtape.410830.html,15-09-18
French Montana & Waka Flocka,Lock Out,384223,/French-Montana-Waka-Flocka-Lock-Out-mixtape.290211.html,15-09-18
Drake,Room For Improvement,384132,/Drake-Room-For-Improvement-mixtape.52014.html,15-09-18
ASAP Ferg,Ferg Forever,381068,/ASAP-Ferg-Ferg-Forever-mixtape.666025.html,15-09-18
Gucci Mane & Young Thug,Young Thugga Mane La Flare,378433,/Gucci-Mane-Young-Thug-Young-Thugga-Mane-La-Flare-mixtape.590145.html,15-09-18
Juicy J,100% Juice,378106,/Juicy-J-100-Juice-mixtape.733579.html,15-09-18
Chief Keef,Sorry 4 The Weight,376450,/Chief-Keef-Sorry-4-The-Weight-mixtape.687791.html,15-09-18
Young Jeezy,The Real Is Back 2,374451,/Young-Jeezy-The-Real-Is-Back-2-mixtape.262921.html,15-09-18
Tory Lanez,The New Toronto 2,373327,/Tory-Lanez-The-New-Toronto-2-mixtape.821084.html,15-09-18
Pusha-T,Fear Of God,370481,/Pusha-T-Fear-Of-God-mixtape.210924.html,15-09-18
Lil Wayne,Lil Weezy Ana,369901,/Lil-Wayne-Lil-Weezy-Ana-mixtape.2178.html,15-09-18
Meek Mill,4-4 EP,368665,/Meek-Mill-4-4-EP-mixtape.760602.html,15-09-18
Lil Uzi Vert,The Perfect Luv Tape,368593,/Lil-Uzi-Vert-The-Perfect-Luv-Tape-mixtape.796632.html,15-09-18
Logic,"Young, Broke & Infamous",367464,/Logic-Young-Broke-Infamous-mixtape.178715.html,15-09-18
Curren$y,Covert Coup,367059,/Curreny-Covert-Coup-mixtape.221604.html,15-09-18
Big K.R.I.T.,4eva N A Day,365922,/Big-KRIT-4eva-N-A-Day-mixtape.313128.html,15-09-18
B.o.B,EPIC: Every Play Is Crucial,363109,/BoB-EPIC-Every-Play-Is-Crucial-mixtape.288111.html,15-09-18
Gucci Mane,Writings On The Wall 2,362286,/Gucci-Mane-Writings-On-The-Wall-2-mixtape.247169.html,15-09-18
Kodak Black,Institution,358498,/Kodak-Black-Institution-mixtape.755699.html,15-09-18
Jhene Aiko,Sailing Soul(s),358081,/Jhene-Aiko-Sailing-Souls-mixtape.213671.html,15-09-18
Schoolboy Q,Setbacks,356582,/Schoolboy-Q-Setbacks-mixtape.260197.html,15-09-18
Big K.R.I.T.,Return Of 4eva,353e3,/Big-KRIT-Return-Of-4eva-mixtape.213542.html,15-09-18
The Underachievers,Indigoism ,352440,/The-Underachievers-Indigoism-mixtape.449545.html,15-09-18
Game,OKE,350950,/Game-OKE-mixtape.538785.html,15-09-18
Joe Budden,A Loose Quarter,348460,/Joe-Budden-A-Loose-Quarter-mixtape.416375.html,15-09-18
Big K.R.I.T.,It's Better This Way,346141,/Big-KRIT-Its-Better-This-Way-mixtape.740537.html,15-09-18
French Montana & Coke Boys,Coke Boys 2,344977,/French-Montana-Coke-Boys-Coke-Boys-2-mixtape.260651.html,15-09-18
Gucci Mane,Trap Back 2,344102,/Gucci-Mane-Trap-Back-2-mixtape.460398.html,15-09-18
J. Cole,The Come Up Mixtape Vol 1,344058,/J-Cole-The-Come-Up-Mixtape-Vol-1-mixtape.14326.html,15-09-18
Gucci Mane,Diary Of A Trap God,343599,/Gucci-Mane-Diary-Of-A-Trap-God-mixtape.530763.html,15-09-18
Game,California Republic,342571,/Game-California-Republic-mixtape.333339.html,15-09-18
Yo Gotti,Nov 19th: The Mixtape,341970,/Yo-Gotti-Nov-19th-The-Mixtape.527620.html,15-09-18
"Lil Wayne, Juelz Santana",Blow,341272,/Lil-Wayne-Blow-mixtape.1501.html,15-09-18
Lil Herb,Ballin Like I'm Kobe,339555,/Lil-Herb-Ballin-Like-Im-Kobe-mixtape.737674.html,15-09-18
Juicy J,Blue Dream And Lean 2,338319,/Juicy-J-Blue-Dream-And-Lean-2-mixtape.688705.html,15-09-18
Ransom,Winter's Coming,337653,/Ransom-Winters-Coming-mixtape.360461.html,15-09-18
Wiz Khalifa,Prince Of The City 2,337524,/Wiz-Khalifa-Prince-Of-The-City-2-mixtape.14008.html,15-09-18
Flatbush Zombies,D.R.U.G.S.,336748,/Flatbush-Zombies-DRUGS-mixtape.377648.html,15-09-18
Chris Brown,In My Zone 2,335671,/Chris-Brown-In-My-Zone-2-mixtape.172961.html,15-09-18
Migos,Back To The Bando,334821,/Migos-Back-To-The-Bando-mixtape.734617.html,15-09-18
Kid Ink,Wheels Up,334807,/Kid-Ink-Wheels-Up-mixtape.263019.html,15-09-18
BIG K.R.I.T.,Krit Wuz Here,333909,/BIG-KRIT-Krit-Wuz-Here-mixtape.117453.html,15-09-18
Kirko Bangz,Progression 2: A Young Texas Playa,333314,/Kirko-Bangz-Progression-2-A-Young-Texas-Playa-mixtape.306196.html,15-09-18
Chief Keef,Almighty So,331113,/Chief-Keef-Almighty-So-mixtape.523926.html,15-09-18
Kevin Gates,Make Em Believe,329908,/Kevin-Gates-Make-Em-Believe-mixtape.339405.html,15-09-18
Meek Mill,4-4 Pt 2,328024,/Meek-Mill-4-4-Pt-2-mixtape.763523.html,15-09-18
J Cole,Any Given Sunday EP #1,325156,/J-Cole-Any-Given-Sunday-EP-1-mixtape.257420.html,15-09-18
Lil Snupe,R.N.I.C.,324983,/Lil-Snupe-RNIC-mixtape.476884.html,15-09-18
Kid Ink,Daydreamer,318611,/Kid-Ink-Daydreamer-mixtape.240170.html,15-09-18
Waka Flocka Flame,Duflocka Rant 2,315702,/Waka-Flocka-Flame-Duflocka-Rant-2-mixtape.451580.html,15-09-18
Flatbush ZOMBiES,BetterOffDEAD,314400,/Flatbush-ZOMBiES-BetterOffDEAD-mixtape.531035.html,15-09-18
Trinidad James,Don't Be S.A.F.E,312216,/Trinidad-James-Dont-Be-SAFE-mixtape.407318.html,15-09-18
Lil Bibby,Free Crack 3,311474,/Lil-Bibby-Free-Crack-3-mixtape.744569.html,15-09-18
Nipsey Hussle,The Marathon,310861,/Nipsey-Hussle-The-Marathon-mixtape.180744.html,15-09-18
Big K.R.I.T.,King Remembered In Time,308690,/Big-KRIT-King-Remembered-In-Time-mixtape.473106.html,15-09-18
Gucci Mane & Future,Free Bricks 2 (Zone 6 Edition),308015,/Gucci-Mane-Future-Free-Bricks-2-Zone-6-Edition-mixtape.812953.html,15-09-18
Chris Brown,In My Zone (gangsta Grillz),305928,/Chris-Brown-In-My-Zone-gangsta-Grillz-mixtape.98909.html,15-09-18
Mac Miller,"I Love Life, Thank You",305661,/Mac-Miller-I-Love-Life-Thank-You-mixtape.272902.html,15-09-18
2 Chainz,Daniel Son: Necklace Don,302589,/2-Chainz-Daniel-Son-Necklace-Don-mixtape.797675.html,15-09-18
2 Chainz,FreeBase,300746,/2-Chainz-FreeBase-mixtape.608133.html,15-09-18
Gucci Mane,Gucci 2 Time,300733,/Gucci-Mane-Gucci-2-Time-mixtape.188962.html,15-09-18
Mac Miller,The Jukebox: Prelude To Class Clown,299695,/Mac-Miller-The-Jukebox-Prelude-To-Class-Clown-mixtape.48547.html,15-09-18
Future,True Story,297791,/Future-True-Story-mixtape.239349.html,15-09-18
Cassidy,Mayhem Music: AP 3 ,297146,/Cassidy-Mayhem-Music-AP-3-mixtape.370768.html,15-09-18
Ludacris,1.21 Gigawatts: Back To The First Time,296038,/Ludacris-121-Gigawatts-Back-To-The-First-Time-mixtape.273694.html,15-09-18
Tity Boi,Codeine Cowboy (A 2 Chainz Collective),294551,/Tity-Boi-Codeine-Cowboy-A-2-Chainz-Collective-mixtape.202202.html,15-09-18
Gucci Mane & Future,Free Bricks,293593,/Gucci-Mane-Future-Free-Bricks-mixtape.256907.html,15-09-18
Rockie Fresh,Electric Highway,289888,/Rockie-Fresh-Electric-Highway-mixtape.438389.html,15-09-18
Nipsey Hussle,The Marathon Continues,288997,/Nipsey-Hussle-The-Marathon-Continues-mixtape.276393.html,15-09-18
French Montana & Fetty Wap,Coke Zoo,288749,/French-Montana-Fetty-Wap-Coke-Zoo-mixtape.740944.html,15-09-18
Ace Hood,The Statement 2,288285,/Ace-Hood-The-Statement-2-mixtape.288517.html,15-09-18
Machine Gun Kelly ,Black Flag,287931,/Machine-Gun-Kelly-Black-Flag-mixtape.503453.html,15-09-18
Rick Ross,The Albert Anastasia EP,287835,/Rick-Ross-The-Albert-Anastasia-EP-mixtape.123147.html,15-09-18
Lloyd Banks,The Cold Corner 2,287712,/Lloyd-Banks-The-Cold-Corner-2-mixtape.274456.html,15-09-18
August Alsina,The Product 2,286737,/August-Alsina-The-Product-2-mixtape.485614.html,15-09-18
Ludacris,#IDGAF,286039,/Ludacris-IDGAF-mixtape.490047.html,15-09-18
Dizzy Wright,Free SmokeOut Conversations Mixtape,285719,/Dizzy-Wright-Free-SmokeOut-Conversations-Mixtape.361623.html,15-09-18
YG,Just Re'd Up,285042,/YG-Just-Red-Up-mixtape.226432.html,15-09-18
"Wiz Khalifa, Mac Miller",Sweet Sixteen Vol. 3: Under The Influence,283660,/Wiz-Khalifa-Sweet-Sixteen-Vol-3-Under-The-Influence-mixtape.375215.html,15-09-18
50 Cent,The Big 10,283434,/50-Cent-The-Big-10-mixtape.288796.html,15-09-18
Trey Songz,Anticipation,283123,/Trey-Songz-Anticipation-mixtape.53232.html,15-09-18
Styles P,The Diamond Life Project,282840,/Styles-P-The-Diamond-Life-Project-mixtape.386992.html,15-09-18
Kendrick Lamar & Jay Rock,No Sleep Til NYC,281395,/Kendrick-Lamar-Jay-Rock-No-Sleep-Til-NYC-mixtape.202088.html,15-09-18
Wale,Summer On Sunset,277978,/Wale-Summer-On-Sunset-mixtape.789247.html,15-09-18
Nipsey Hussle,Slauson Boy 2,277062,/Nipsey-Hussle-Slauson-Boy-2-mixtape.799363.html,15-09-18
A$AP Mob,Lord$ Never Worry,276921,/AAP-Mob-Lord-Never-Worry-mixtape.389380.html,15-09-18
Ty Dolla Sign (Ty$),Beach House 2,276606,/Ty-Dolla-Sign-Ty-Beach-House-2-mixtape.494390.html,15-09-18
Action Bronson,Blue Chips 2,275934,/Action-Bronson-Blue-Chips-2-mixtape.545500.html,15-09-18
Gunplay,Bogota Rich,273061,/Gunplay-Bogota-Rich-mixtape.318447.html,15-09-18
Chevy Woods,Gang Land,272717,/Chevy-Woods-Gang-Land-mixtape.359403.html,15-09-18
Lloyd Banks,F.N.O. (Failure's No Option),270467,/Lloyd-Banks-FNO-Failures-No-Option-mixtape.445238.html,15-09-18
Future,Dirty Sprite,270229,/Future-Dirty-Sprite-mixtape.187673.html,15-09-18
Chief Keef,Back From The Dead 2,270056,/Chief-Keef-Back-From-The-Dead-2-mixtape.554886.html,15-09-18
Yelawolf,Trunk Muzik,269416,/Yelawolf-Trunk-Muzik-mixtape.130251.html,15-09-18
French Montana,Mac & Cheese 2,268866,/French-Montana-Mac-Cheese-2-mixtape.118129.html,15-09-18
Juicy J,O's,265514,/Juicy-J-Os-mixtape.751936.html,15-09-18
Torch,No AC (Hosted by Evil Empire) ,264494,/Torch-No-AC-Hosted-by-Evil-Empire-mixtape.369249.html,15-09-18
Lil Yachty,Lil Boat,263943,/Lil-Yachty-Lil-Boat-mixtape.771784.html,15-09-18
Hustle Gang,G.D.O.D. (Get Dough Or Die),263276,/Hustle-Gang-GDOD-Get-Dough-Or-Die-mixtape.484090.html,15-09-18
Juicy J & Lex Luger,Rubba Band Business 2,262566,/Juicy-J-Lex-Luger-Rubba-Band-Business-2-mixtape.226614.html,15-09-18
Birdman,Rich Gang: All Stars,261301,/Birdman-Rich-Gang-All-Stars-mixtape.455850.html,15-09-18
Lil Bibby,Free Crack,260208,/Lil-Bibby-Free-Crack-mixtape.555532.html,15-09-18
Machine Gun Kelly,Lace Up!,258868,/Machine-Gun-Kelly-Lace-Up-mixtape.171308.html,15-09-18
Chris Brown & OHB,Before The Trap: Nights In Tarzana,258613,/Chris-Brown-OHB-Before-The-Trap-Nights-In-Tarzana-mixtape.781114.html,15-09-18
Lupe Fiasco,Enemy Of The State: A Love Story,257994,/Lupe-Fiasco-Enemy-Of-The-State-A-Love-Story-mixtape.80764.html,15-09-18
Juicy J,Blue Dream & Lean (Bonus Tracks),257110,/Juicy-J-Blue-Dream-Lean-Bonus-Tracks-mixtape.353588.html,15-09-18
2 Chainz,Felt Like Cappin,256775,/2-Chainz-Felt-Like-Cappin-mixtape.762855.html,15-09-18
Fabolous & Trey Songz,Trappy New Years,256187,/Fabolous-Trey-Songz-Trappy-New-Years-mixtape.820652.html,15-09-18
Young Jeezy,The Last Laugh,253262,/Young-Jeezy-The-Last-Laugh-mixtape.156135.html,15-09-18
Lil Durk,Life Aint No Joke,251709,/Lil-Durk-Life-Aint-No-Joke-mixtape.398485.html,15-09-18
Chris Webby,Bars On Me,251452,/Chris-Webby-Bars-On-Me-mixtape.394429.html,15-09-18
Tyga,Black Thoughts,248445,/Tyga-Black-Thoughts-mixtape.79330.html,15-09-18
"Kendrick Lamar, Jay Rock, Ab-Soul, Schoolboy Q, K. Dot",Black Hippy,247511,/Kendrick-Lamar-Black-Hippy-mixtape.188002.html,15-09-18
Jim Jones,Vampire Life 2,246531,/Jim-Jones-Vampire-Life-2-mixtape.337121.html,15-09-18
Young Jeezy,Trap Or Die (Gangsta Grillz Edition),246214,/Young-Jeezy-Trap-Or-Die-Gangsta-Grillz-Edition-mixtape.83.html,15-09-18
French Montana,Mac & Cheese 4: The Appetizer,245307,/French-Montana-Mac-Cheese-4-The-Appetizer-mixtape.671908.html,15-09-18
Young Scooter,Street Lottery,245264,/Young-Scooter-Street-Lottery-mixtape.436249.html,15-09-18
Curren$y,Return To The Winner's Circle,244647,/Curreny-Return-To-The-Winners-Circle-mixtape.184223.html,15-09-18
Slaughterhouse,House Rules,244493,/Slaughterhouse-House-Rules-mixtape.607538.html,15-09-18
Meek Mill,Flamers 3,244455,/Meek-Mill-Flamers-3-mixtape.105112.html,15-09-18
Machine Gun Kelly (MGK),100 Words And Running,243927,/Machine-Gun-Kelly-MGK-100-Words-And-Running-mixtape.101802.html,15-09-18
Rich Homie Quan,If You Ever Think I Will Stop Goin' In Ask RR,242842,/Rich-Homie-Quan-If-You-Ever-Think-I-Will-Stop-Goin-In-Ask-RR-mixtape.706040.html,15-09-18
Ace Hood,Starvation 4,242161,/Ace-Hood-Starvation-4-mixtape.741639.html,15-09-18
2 Chainz,Hibachi For Lunch,241756,/2-Chainz-Hibachi-For-Lunch-mixtape.809865.html,15-09-18
T.I.,Fuck A Mixtape,239556,/TI-Fuck-A-Mixtape.123255.html,15-09-18
B.o.B,No Genre,239292,/BoB-No-Genre-mixtape.176133.html,15-09-18
Casey Veggies,Life Changes,239149,/Casey-Veggies-Life-Changes-mixtape.443452.html,15-09-18
Lil Wayne,The Drought Is Over 4,237963,/Lil-Wayne-The-Drought-Is-Over-4-mixtape.7942.html,15-09-18
Earl Sweatshirt,Earl,237814,/Earl-Sweatshirt-Earl-mixtape.179914.html,15-09-18
Joey Bada$$,Rejex,237702,/Joey-Bada-Rejex-mixtape.393045.html,15-09-18
Ace Hood,Starvation 5,237354,/Ace-Hood-Starvation-5-mixtape.791932.html,15-09-18
Freddie Gibbs,Baby Face Killa,236136,/Freddie-Gibbs-Baby-Face-Killa-mixtape.392391.html,15-09-18
Kevin Cossom,Hook Vs. Bridge 2,235246,/Kevin-Cossom-Hook-Vs-Bridge-2-mixtape.332767.html,15-09-18
Lil Reese,Don't Like,233646,/Lil-Reese-Dont-Like-mixtape.369213.html,15-09-18
Kid Ink,Crash Landing,232052,/Kid-Ink-Crash-Landing-mixtape.169263.html,15-09-18
A Boogie,Artist ,231517,/A-Boogie-Artist-mixtape.766440.html,15-09-18
Jacquees,MOOD,231343,/Jacquees-MOOD-mixtape.760417.html,15-09-18
J Cole,Any Given Sunday EP #2,230902,/J-Cole-Any-Given-Sunday-EP-2-mixtape.260103.html,15-09-18
Fabolous,There Is No Competition,230701,/Fabolous-There-Is-No-Competition-mixtape.11404.html,15-09-18
Yelawolf,Trunk Muzik Returns,228058,/Yelawolf-Trunk-Muzik-Returns-mixtape.464831.html,15-09-18
Ty Dolla Sign (Ty$),Airplane Mode,227950,/Ty-Dolla-Sign-Ty-Airplane-Mode-mixtape.740067.html,15-09-18
Curren$y,Here (EP),227925,/Curreny-Here-EP-mixtape.311906.html,15-09-18
Trey Songz,Anticipation 3,227894,/Trey-Songz-Anticipation-3-mixtape.823070.html,15-09-18
Curren$y,Saturday Night Car Tunes,226343,/Curreny-Saturday-Night-Car-Tunes-mixtape.643199.html,15-09-18
"French Montana, Juicy J & Project Pat",Cocaine Mafia,226341,/French-Montana-Cocaine-Mafia-mixtape.293498.html,15-09-18
Lecrae,Church Clothes 2,226263,/Lecrae-Church-Clothes-2-mixtape.544619.html,15-09-18
Lupe Fiasco,Friend Of The People: I Fight Evil,225777,/Lupe-Fiasco-Friend-Of-The-People-I-Fight-Evil-mixtape.287406.html,15-09-18
Shy Glizzy,Law 3: Now or Never,225713,/Shy-Glizzy-Law-3-Now-or-Never-mixtape.665392.html,15-09-18
MoneyBagg Yo,Heartless,225698,/MoneyBagg-Yo-Heartless-mixtape.828787.html,15-09-18
Danny Brown,XXX,224364,/Danny-Brown-XXX-mixtape.298540.html,15-09-18
YFN Lucci,Wish Me Well,224244,/YFN-Lucci-Wish-Me-Well-mixtape.690334.html,15-09-18
Lil Uzi Vert,Luv Is Rage,223444,/Lil-Uzi-Vert-Luv-Is-Rage-mixtape.743110.html,15-09-18
Young Jeezy,"1,000 Grams",222715,/Young-Jeezy-1000-Grams-mixtape.143630.html,15-09-18
Young Dolph,16 Zips,221141,/Young-Dolph-16-Zips-mixtape.725070.html,15-09-18
Migos & Rich The Kid,Streets On Lock 3,221139,/Migos-Rich-The-Kid-Streets-On-Lock-3-mixtape.603331.html,15-09-18
Pro Era,Peep: The Aprocalypse,220289,/Pro-Era-Peep-The-Aprocalypse-mixtape.433133.html,15-09-18
Fabolous,Friday Night Freestyles,219960,/Fabolous-Friday-Night-Freestyles-mixtape.711149.html,15-09-18
Chris Webby,Webster's Laboratory,219438,/Chris-Webby-Websters-Laboratory-mixtape.233780.html,15-09-18
K. Michelle,0 Fucks Given,218674,/K-Michelle-0-Fucks-Given-mixtape.370923.html,15-09-18
Dej Loaf,All Jokes Aside,218494,/Dej-Loaf-All-Jokes-Aside-mixtape.776621.html,15-09-18
Jadakiss,The Champ Is Here 3,218446,/Jadakiss-The-Champ-Is-Here-3-mixtape.117049.html,15-09-18
Wiz Khalifa,Prince of the City - Welcome to Pistolvania,217700,/Wiz-Khalifa-Prince-of-the-City-Welcome-to-Pistolvania-mixtape.732.html,15-09-18
Ace Hood,Body Bag,216916,/Ace-Hood-Body-Bag-mixtape.229223.html,15-09-18
Birdman & Rick Ross,The H ,215314,/Birdman-Rick-Ross-The-H-mixtape.489738.html,15-09-18
Ab-Soul,Long Term 2,214851,/Ab-Soul-Long-Term-2-mixtape.131386.html,15-09-18
Meek Mill,Philadelphia Eagles 3,214719,/Meek-Mill-Philadelphia-Eagles-3-mixtape.322033.html,15-09-18
2 Pistols,"""Arrogant"" Hosted By: DJ Scream ",212754,/2-Pistols-Arrogant-Hosted-By-DJ-Scream-mixtape.400270.html,15-09-18
Vado,Slime Flu 3,212220,/Vado-Slime-Flu-3-mixtape.412213.html,15-09-18
K. Michelle,Still No Fucks Given,212015,/K-Michelle-Still-No-Fucks-Given-mixtape.580407.html,15-09-18
Asher Roth,Pabst & Jazz,211471,/Asher-Roth-Pabst-Jazz-mixtape.295436.html,15-09-18
Tory Lanez,Chixtape 3,211359,/Tory-Lanez-Chixtape-3-mixtape.755405.html,15-09-18
Curren$y & Harry Fraud,Cigarette Boats,211192,/Curreny-Harry-Fraud-Cigarette-Boats-mixtape.371058.html,15-09-18
Vic Mensa,Innanetape,210832,/Vic-Mensa-Innanetape-mixtape.536504.html,15-09-18
Kendrick Lamar,Kendrick Lamar (EP),209936,/Kendrick-Lamar-Kendrick-Lamar-EP-mixtape.308308.html,15-09-18
Cory Gunz,Datz WTF I'm Talkin Bout,209044,/Cory-Gunz-Datz-WTF-Im-Talkin-Bout-mixtape.498476.html,15-09-18
Action Bronson & The Alchemist,Rare Chandeliers,208970,/Action-Bronson-The-Alchemist-Rare-Chandeliers-mixtape.415415.html,15-09-18
DJ Esco & Future,No Sleep,208589,/DJ-Esco-Future-No-Sleep-mixtape.561516.html,15-09-18
Omarion,Care Package,208503,/Omarion-Care-Package-mixtape.423748.html,15-09-18
Dom Kennedy,The Original Dom Kennedy,208001,/Dom-Kennedy-The-Original-Dom-Kennedy-mixtape.207507.html,15-09-18
Gucci Mane & Young Scooter,Free Bricks 2,207916,/Gucci-Mane-Young-Scooter-Free-Bricks-2-mixtape.460428.html,15-09-18
CyHi The Prynce,Black Hystori Project,205566,/CyHi-The-Prynce-Black-Hystori-Project-mixtape.584369.html,15-09-18
Fetty Wap,Two Face: Fetty Wap Or Zovier (The Mixtape) [Hosted By @OfficialYoungRB],204881,/Fetty-Wap-Two-Face-Fetty-Wap-Or-Zovier-The-Mixtape-Hoste-mixtape.706536.html,15-09-18
Various Artists,G.O.O.D Vs. YMCMB,204599,/DJ-Capcom-GOOD-Vs-YMCMB-mixtape.359365.html,15-09-18
B.o.B,No Genre 2,203642,/BoB-No-Genre-2-mixtape.613193.html,15-09-18
Taylor Gang,TGOD Vol. 1,203428,/Taylor-Gang-TGOD-Vol-1-mixtape.807230.html,15-09-18
Hustle Gang,G.D.O.D. 2,202583,/Hustle-Gang-GDOD-2-mixtape.646564.html,15-09-18
Trey Songz,#LemmeHolDatBeat,202437,/Trey-Songz-LemmeHolDatBeat-mixtape.173423.html,15-09-18
Migos,3 Way EP,201809,/Migos-3-Way-EP-mixtape.793144.html,15-09-18
Kendrick Lamar,K-Dot Training Day,201092,/Kendrick-Lamar-K-Dot-Training-Day-mixtape.300692.html,15-09-18
Chief Keef,Finally Rollin 2,200893,/Chief-Keef-Finally-Rollin-2-mixtape.746266.html,15-09-18
Young Jeezy,Trappin Aint Dead,199452,/Young-Jeezy-Trappin-Aint-Dead-mixtape.47251.html,15-09-18
Young Jeezy,Can't ban the snowman,198938,/Young-Jeezy-Cant-ban-the-snowman-mixtape.198.html,15-09-18
Jadakiss,I Love You (A Dedication To My Fans),198715,/Jadakiss-I-Love-You-A-Dedication-To-My-Fans-mixtape.232713.html,15-09-18
Childish Gambino,Culdesac,198344,/Childish-Gambino-Culdesac-mixtape.134627.html,15-09-18
Gucci Mane,Brick Factory,197958,/Gucci-Mane-Brick-Factory-mixtape.590286.html,15-09-18
Lil Uzi Vert X Gucci Mane,1017 Vs The World,197139,/Lil-Uzi-Vert-x-Gucci-Mane-1017-Vs-The-World-mixtape.814213.html,15-09-18
G-Unit,The Lost Flash Drive,196924,/G-Unit-The-Lost-Flash-Drive-mixtape.801353.html,15-09-18
Chris Webby,Best In The Burbs,196860,/Chris-Webby-Best-In-The-Burbs-mixtape.180642.html,15-09-18
Juicy J,Highly Intoxicated,195968,/Juicy-J-Highly-Intoxicated-mixtape.862628.html,15-09-18
The Underachievers,The Lords Of Flatbush,195843,/The-Underachievers-The-Lords-Of-Flatbush-mixtape.526320.html,15-09-18
Dizzy Wright,The Golden Age,195299,/Dizzy-Wright-The-Golden-Age-mixtape.521492.html,15-09-18
Wiz Khalifa,Grow Season,195295,/Wiz-Khalifa-Grow-Season-mixtape.14021.html,15-09-18
Juicy J,#MUSTBENICE,193709,/Juicy-J-MUSTBENICE-mixtape.804141.html,15-09-18
Dave East,Karma,193234,/Dave-East-Karma-mixtape.872174.html,15-09-18
Chief Keef,The GBE Code,192809,/Chief-Keef-The-GBE-Code-mixtape.415166.html,15-09-18
French Montana,Coke Boys,192212,/French-Montana-Coke-Boys-mixtape.152572.html,15-09-18
Dave East,Hate Me Now,191676,/Dave-East-Hate-Me-Now-mixtape.734610.html,15-09-18
K Camp,One Way,191540,/K-Camp-One-Way-mixtape.680674.html,15-09-18
Cassidy,Apply Pressure 2,190167,/Cassidy-Apply-Pressure-2-mixtape.96592.html,15-09-18
"Chris Brown, OHB X Section Boyz",Attack The Block,190102,/Chris-Brown-Attack-The-Block-mixtape.809886.html,15-09-18
Nicki Minaj,Beam Me Up Scotty,189707,/Nicki-Minaj-Beam-Me-Up-Scotty-mixtape.42402.html,15-09-18
Mac Miller,Delusional Thomas,188659,/Mac-Miller-Delusional-Thomas-mixtape.546339.html,15-09-18
MoneyBagg Yo X Yo Gotti,2 Federal,187616,/MoneyBagg-Yo-x-Yo-Gotti-2-Federal-mixtape.809972.html,15-09-18
Sir Michael Rocks,Lap Of Lux,187420,/Sir-Michael-Rocks-Lap-Of-Lux-mixtape.372568.html,15-09-18
The Game,You Know What It Is Vol 4 - Murda Game Chronicles,187095,/The-Game-You-Know-What-It-Is-Vol-4-Murda-Game-Chronicles-mixtape.3661.html,15-09-18
French Montana,Mister 16: Casino Life,186520,/French-Montana-Mister-16-Casino-Life-mixtape.198802.html,15-09-18
Lil Uzi Vert,Luv Is Rage 1.5 (EP),186445,/Lil-Uzi-Vert-Luv-Is-Rage-15-EP-mixtape.831357.html,15-09-18
Kirko Bangz,Progression 3,184905,/Kirko-Bangz-Progression-3-mixtape.520426.html,15-09-18
Drake,Unbelievable,184536,/Drake-Unbelievable-mixtape.395282.html,15-09-18
Plies,On Trial,183650,/Plies-On-Trial-mixtape.318738.html,15-09-18
Lil Boosie,The Return Of Mr Wipe Me Down,183582,/Lil-Boosie-The-Return-Of-Mr-Wipe-Me-Down-mixtape.39594.html,15-09-18
Young Thug,1017 Thug,183415,/Young-Thug-1017-Thug-mixtape.458822.html,15-09-18
Domo Genesis & The Alchemist ,No Idols,183119,/Domo-Genesis-The-Alchemist-No-Idols-mixtape.379920.html,15-09-18
J. Cole,Any Given Sunday EP #5,181667,/J-Cole-Any-Given-Sunday-EP-5-mixtape.262927.html,15-09-18
Jadakiss,#T5DOA,181524,/Jadakiss-T5DOA-mixtape.740629.html,15-09-18
Jacquees & DeJ Loaf,Fuck A Friend Zone,181176,/Jacquees-DeJ-Loaf-Fuck-A-Friend-Zone-mixtape.828334.html,15-09-18
Migos,Migo Lingo,180750,/Migos-Migo-Lingo-mixtape.690365.html,15-09-18
Problem,The Separation,180693,/Problem-The-Separation-mixtape.494480.html,15-09-18
D12,Return Of The Dozen The Mixtape Vol.1,179913,/D12-Return-Of-The-Dozen-The-Mixtape-Vol1-mixtape.15537.html,15-09-18
Gucci Mane & Chief Keef,Big Gucci Sosa ,179130,/Gucci-Mane-Chief-Keef-Big-Gucci-Sosa-mixtape.661531.html,15-09-18
Papoose,Best of Papoose,178279,/Papoose-Best-of-Papoose-mixtape.2647.html,15-09-18
Curren$y,Cathedral,177602,/Curreny-Cathedral-mixtape.727047.html,15-09-18
Kodak Black,Heart Of The Project,177570,/Kodak-Black-Heart-Of-The-Project-mixtape.677764.html,15-09-18
NBA YoungBoy,38 Baby,177517,/NBA-YoungBoy-38-Baby-mixtape.809841.html,15-09-18
Machine Gun Kelly,EST 4 Life,177356,/Machine-Gun-Kelly-EST-4-Life-mixtape.384245.html,15-09-18
Tee Grizzley,My Moment,177123,/Tee-Grizzley-My-Moment-mixtape.838068.html,15-09-18
Red Cafe,American Psycho,177033,/Red-Cafe-American-Psycho-mixtape.424073.html,15-09-18
Kid Ink & Batgang,Batgang: 4B's,176825,/Kid-Ink-Batgang-Batgang-4Bs-mixtape.639999.html,15-09-18
Waka Flocka,I Can't Rap Vol. 1,176528,/Waka-Flocka-I-Cant-Rap-Vol-1-mixtape.629608.html,15-09-18
50 Cent ,5 (Murder By Numbers),176275,/50-Cent-5-Murder-By-Numbers-mixtape.370028.html,15-09-18
Don Trip,Guerrilla,175881,/Don-Trip-Guerrilla-mixtape.313114.html,15-09-18
Waka Flocka,Salute Me Or Shoot Me 3,174517,/Waka-Flocka-Salute-Me-Or-Shoot-Me-3-mixtape.201216.html,15-09-18
Gucci Mane & Young Jeezy,Gucci Vs. Jeezy,173970,/Gucci-Mane-Young-Jeezy-Gucci-Vs-Jeezy-mixtape.407160.html,15-09-18
Big Sean,Uknowbigsean Vol 2,173733,/Big-Sean-Uknowbigsean-Vol-2-mixtape.42842.html,15-09-18
Gucci Mane,Jewelry Selection,173034,/Gucci-Mane-Jewelry-Selection-mixtape.144734.html,15-09-18
Trinidad James,10pc. Mild ,172922,/Trinidad-James-10pc-Mild-mixtape.519823.html,15-09-18
Yo Gotti,Cocaine Muzik 5: White Friday,172831,/Yo-Gotti-Cocaine-Muzik-5-White-Friday-mixtape.176406.html,15-09-18
Rick Ross,Renzel Remixes (Disc 2),172612,/Rick-Ross-Renzel-Remixes-Disc-2-mixtape.749649.html,15-09-18
Kendrick Lamar,C4,172456,/Kendrick-Lamar-C4-mixtape.32334.html,15-09-18
Meek Mill,Flamers 2,171875,/Meek-Mill-Flamers-2-mixtape.35616.html,15-09-18
50 Cent,50 Cent is the future,170903,/50-Cent-50-Cent-is-the-future-mixtape.164.html,15-09-18
Chip Tha Ripper,Tell Ya Friends,170205,/Chip-Tha-Ripper-Tell-Ya-Friends-mixtape.304246.html,15-09-18
Stalley,Savage Journey To The American Dream,170126,/Stalley-Savage-Journey-To-The-American-Dream-mixtape.330883.html,15-09-18
Trey Songz,Intermission ,170066,/Trey-Songz-Intermission-mixtape.701936.html,15-09-18
Big Sean,Finally Famous ,170046,/Big-Sean-Finally-Famous-mixtape.8528.html,15-09-18
Various Artists,Hip Hop TXL Vol 44,169950,/DJ-Reddy-Rell-Hip-Hop-TXL-Vol-44-mixtape.626084.html,15-09-18
Chris Brown,X Files EP,169658,/Chris-Brown-X-Files-EP-mixtape.552186.html,15-09-18
Waka Flocka,From Roaches To Rollies,169163,/Waka-Flocka-From-Roaches-To-Rollies-mixtape.534424.html,15-09-18
Curren$y & Young Roddy,Bales,169005,/Curreny-Young-Roddy-Bales-mixtape.529255.html,15-09-18
Various Artists,Hip Hop TXL Vol 43,168204,/DJ-Reddy-Rell-Hip-Hop-TXL-Vol-43-mixtape.621772.html,15-09-18
Twista,Reloaded,168172,/Twista-Reloaded-mixtape.364349.html,15-09-18
Lil Boosie,Streetz Iz Mine (re-uploaded),168090,/Lil-Boosie-Streetz-Iz-Mine-re-uploaded-mixtape.16382.html,15-09-18
Wiz Khalifa,The Layover,168056,/Wiz-Khalifa-The-Layover-mixtape.397056.html,15-09-18
Trey Songz,#LemmeHolDatBeat2,167639,/Trey-Songz-LemmeHolDatBeat2-mixtape.279087.html,15-09-18
Various Artists,Hip Hop TXL Vol 40,167419,/DJ-Reddy-Rell-DJ-Iceberg-Hip-Hop-TXL-Vol-40-mixtape.609796.html,15-09-18
Lil Herb,Pistol P Project,167348,/Lil-Herb-Pistol-P-Project-mixtape.676333.html,15-09-18
"Jeezy, Doughboyz Cashout & YG",Boss Yo Life Up Gang,167160,/Jeezy-Boss-Yo-Life-Up-Gang-mixtape.518376.html,15-09-18
Chinx Drugz,Cocaine Riot 4,167064,/Chinx-Drugz-Cocaine-Riot-4-mixtape.608124.html,15-09-18
D-Pryde,Flagship,166373,/D-Pryde-Flagship-mixtape.358448.html,15-09-18
Lil Wayne,Da Drought 2,166365,/Lil-Wayne-Da-Drought-2-mixtape.14546.html,15-09-18
Puff Daddy,MMM,166101,/Puff-Daddy-MMM-mixtape.744958.html,15-09-18
Chiddy Bang,Peanut Butter & Swelly,165859,/Chiddy-Bang-Peanut-Butter-Swelly-mixtape.234754.html,15-09-18
Various Artists,Hip Hop TXL Vol 34,164458,/DJ-Reddy-Rell-Hip-Hop-TXL-Vol-34-mixtape.581514.html,15-09-18
Curren$y & Alchemist,Carrollton Heist,164263,/Curreny-Alchemist-Carrollton-Heist-mixtape.766213.html,15-09-18
Young Jeezy,#ItsThaWorld2,163487,/Young-Jeezy-ItsThaWorld2-mixtape.550514.html,15-09-18
"Trademark Da Skydiver, Young Roddy & Curren$y",Jet Life To The Next Life,163397,/Trademark-Da-Skydiver-Jet-Life-To-The-Next-Life-mixtape.212454.html,15-09-18
Chinx Drugz,Cocaine Riot 3,163285,/Chinx-Drugz-Cocaine-Riot-3-mixtape.464549.html,15-09-18
CyHi The Prynce,Ivy League: Kick Back,163033,/CyHi-The-Prynce-Ivy-League-Kick-Back-mixtape.434180.html,15-09-18
Fredo Santana,It's A Scary Site,162910,/Fredo-Santana-Its-A-Scary-Site-mixtape.352482.html,15-09-18
Lil Wayne,The Suffix,162847,/Lil-Wayne-The-Suffix-mixtape.406.html,15-09-18
Lil Wayne,I Am Not A Human Being 2 (Mixtape),162376,/Lil-Wayne-I-Am-Not-A-Human-Being-2-Mixtape.360515.html,15-09-18
Lloyd Banks,All Or Nothin: Live It Up,162363,/Lloyd-Banks-All-Or-Nothin-Live-It-Up-mixtape.799701.html,15-09-18
Gucci Mane,Ferrari Music,162095,/Gucci-Mane-Ferrari-Music-mixtape.151008.html,15-09-18
Dizzy Wright,Soul Searchin (the Next Level),162055,/Dizzy-Wright-Soul-Searchin-the-Next-Level-mixtape.262929.html,15-09-18
Yo Gotti,Cocaine Muzik 2,161892,/Yo-Gotti-Cocaine-Muzik-2-mixtape.50576.html,15-09-18
SwizZz & Hopsin,Funk Volume Mixtape: Haywire,161679,/SwizZz-Hopsin-Funk-Volume-Mixtape-Haywire-mixtape.51509.html,15-09-18
Migos & Rich The Kid,Streets On Lock 2,160725,/Migos-Rich-The-Kid-Streets-On-Lock-2-mixtape.536797.html,15-09-18
Curren$y & Smoke DZA,The Stage EP,160549,/Curreny-Smoke-DZA-The-Stage-EP-mixtape.545284.html,15-09-18
Curren$y,More Saturday Night Car Tunes,160150,/Curreny-More-Saturday-Night-Car-Tunes-mixtape.653263.html,15-09-18
Joe Budden,Mood Muzik 4: A Turn for the Worst,160101,/Joe-Budden-Mood-Muzik-4-A-Turn-for-the-Worst-mixtape.162784.html,15-09-18
Huey Mack & Mike Stud,Click,159481,/Huey-Mack-Mike-Stud-Click-mixtape.379764.html,15-09-18
Curren$y,The Owners Manual,159388,/Curreny-The-Owners-Manual-mixtape.761010.html,15-09-18
Lil Durk,They Forgot,159369,/Lil-Durk-They-Forgot-mixtape.814857.html,15-09-18
Don Trip & Starlito,Stepbrothers,159255,/Don-Trip-Starlito-Stepbrothers-mixtape.255304.html,15-09-18
Young Money,YMCMB,158649,/Young-Money-YMCMB-mixtape.347287.html,15-09-18
Young Scooter,Street Lottery 2,158043,/Young-Scooter-Street-Lottery-2-mixtape.567276.html,15-09-18
Cam'ron,Ghetto Heaven Vol 1,157732,/Camron-Ghetto-Heaven-Vol-1-mixtape.494468.html,15-09-18
Various Artists,Hip Hop TXL Vol 16,157201,/DJ-Reddy-Rell-Hip-Hop-TXL-Vol-16-mixtape.507145.html,15-09-18
Shy Glizzy,Young Jefe,157016,/Shy-Glizzy-Young-Jefe-mixtape.582805.html,15-09-18
Fat Trel,Gleesh,156869,/Fat-Trel-Gleesh-mixtape.597023.html,15-09-18
Young Dro,Day Two,156753,/Young-Dro-Day-Two-mixtape.496261.html,15-09-18
Gucci Mane,Trapology,156423,/Gucci-Mane-Trapology-mixtape.715394.html,15-09-18
Chevy Woods,The Cookout ,156142,/Chevy-Woods-The-Cookout-mixtape.263029.html,15-09-18
Kodak Black ,Project Baby,155247,/Kodak-Black-Project-Baby-mixtape.564923.html,15-09-18
Gucci Mane & Young Dolph,EastAtlantaMemphis,155087,/Gucci-Mane-Young-Dolph-EastAtlantaMemphis-mixtape.462728.html,15-09-18
Meek Mill,Meekend Music 2,155052,/Meek-Mill-Meekend-Music-2-mixtape.851682.html,15-09-18
Juicy J,Lit In Ceylon,153850,/Juicy-J-Lit-In-Ceylon-mixtape.793038.html,15-09-18
Rocko,Gift Of Gab 2,153728,/Rocko-Gift-Of-Gab-2-mixtape.456165.html,15-09-18
Lil Wayne,In Tune We Trust ,153640,/Lil-Wayne-In-Tune-We-Trust-mixtape.852132.html,15-09-18
Soulja Boy,Juice II,153458,/Soulja-Boy-Juice-II-mixtape.392026.html,15-09-18
K. Camp,K.I.S.S 3,152887,/K-Camp-KISS-3-mixtape.756657.html,15-09-18
Various Artists,Hip Hop TXL Vol 8,152749,/DJ-Reddy-Rell-Hip-Hop-TXL-Vol-8-mixtape.479523.html,15-09-18
Various Artists,Hip Hop TXL Vol 33,152713,/DJ-Reddy-Rell-Hip-Hop-TXL-Vol-33-mixtape.576977.html,15-09-18
Slim Thug,North Side Boss,152702,/Slim-Thug-North-Side-Boss-mixtape.15223.html,15-09-18
Various Artists,Hip Hop TXL Vol 45,152363,/DJ-Reddy-Rell-Hip-Hop-TXL-Vol-45-mixtape.630897.html,15-09-18
Montana Of 300,Cursed With A Blessing,152202,/Montana-Of-300-Cursed-With-A-Blessing-mixtape.669935.html,15-09-18
Kendrick Lamar,The Poems Of Kendrick,151378,/Kendrick-Lamar-The-Poems-Of-Kendrick-mixtape.317924.html,15-09-18
50 Cent,War Angel LP,150504,/50-Cent-War-Angel-LP-mixtape.51162.html,15-09-18
Plies,Da Last Real Nigga Left,150274,/Plies-Da-Last-Real-Nigga-Left-mixtape.572940.html,15-09-18
PeeWee Longway,The Blue M&M Vol 2 (King Size),149828,/PeeWee-Longway-The-Blue-MM-Vol-2-King-Size-mixtape.688343.html,15-09-18
Jeremih,Late Nights: Europe,149781,/Jeremih-Late-Nights-Europe-mixtape.794958.html,15-09-18
Harry Fraud,Adrift,149553,/Harry-Fraud-Adrift-mixtape.463242.html,15-09-18
Trae Tha Truth,Tha Diary Of Tha Truth,149184,/Trae-Tha-Truth-Tha-Diary-Of-Tha-Truth-mixtape.15538.html,15-09-18
D-Pryde,Mars,148982,/D-Pryde-Mars-mixtape.236543.html,15-09-18
Various Artists,Hip Hop TXL Vol 41,148525,/DJ-Reddy-Rell-Hip-Hop-TXL-Vol-41-mixtape.613905.html,15-09-18
Juicy J & Project Pat,Cut Throat,148270,/Juicy-J-Project-Pat-Cut-Throat-mixtape.80912.html,15-09-18
Shy Glizzy,For Trappers Only,148158,/Shy-Glizzy-For-Trappers-Only-mixtape.734615.html,15-09-18
Cardi B,Gangsta Bitch Music Vol 1,147685,/Cardi-B-Gangsta-Bitch-Music-Vol-1-mixtape.770917.html,15-09-18
Various Artists,Hip Hop TXL Vol 37,147541,/DJ-Reddy-Rell-HipHopTXLcom-Hip-Hop-TXL-Vol-37-mixtape.597557.html,15-09-18
Wale & 9th Wonder,Back To The Feature,147525,/Wale-9th-Wonder-Back-To-The-Feature-mixtape.51698.html,15-09-18
Lil Wayne,Haemoglobin (My Flag Red),147185,/Lil-Wayne-Haemoglobin-My-Flag-Red-mixtape.218672.html,15-09-18
Various Artists,Whiteowl Drop That Pt 214,146687,/WhiteOwl-Whiteowl-Drop-That-Pt-214-mixtape.440016.html,15-09-18
Rick Ross,Renzel Remixes (Disc 1),146062,/Rick-Ross-Renzel-Remixes-Disc-1-mixtape.749640.html,15-09-18
Jay-Z,Creative Control,145992,/Jay-Z-Creative-Control-mixtape.136980.html,15-09-18
Various Artists,Hip Hop TXL Vol 35,145703,/DJ-Reddy-Rell-Hip-Hop-TXL-Vol-35-mixtape.586409.html,15-09-18
Various Artists,Hip Hop TXL Vol 36,145584,/DJ-Reddy-Rell-Hip-Hop-TXL-Vol-36-mixtape.591902.html,15-09-18
Omarion,Care Package 2,145488,/Omarion-Care-Package-2-mixtape.543133.html,15-09-18
Lil Reese,Supa Savage,144974,/Lil-Reese-Supa-Savage-mixtape.527663.html,15-09-18
Fredo Santana,Fredo Kruger,144817,/Fredo-Santana-Fredo-Kruger-mixtape.460881.html,15-09-18
Rockie Fresh,Driving 88,144691,/Rockie-Fresh-Driving-88-mixtape.305845.html,15-09-18
Childish Gambino,The Great Gambino,144324,/Childish-Gambino-The-Great-Gambino-mixtape.241178.html,15-09-18
Wiz Khalifa,28 Grams (No DJ),144306,/Wiz-Khalifa-28-Grams-No-DJ-mixtape.620184.html,15-09-18
Chinx,CR5,144065,/Chinx-CR5-mixtape.674373.html,15-09-18
Red Cafe,Hells Kitchen,143937,/Red-Cafe-Hells-Kitchen-mixtape.291853.html,15-09-18
Jaden Smith,The Cool Cafe,143721,/Jaden-Smith-The-Cool-Cafe-mixtape.399393.html,15-09-18
King Louie,Drilluminati 2,143595,/King-Louie-Drilluminati-2-mixtape.561447.html,15-09-18
Ab-Soul,Long Term,143532,/Ab-Soul-Long-Term-mixtape.29958.html,15-09-18
Meek Mill,Meekend Music,142877,/Meek-Mill-Meekend-Music-mixtape.843021.html,15-09-18
Various Artists,Hip Hop TXL Vol 38,142858,/DJ-Reddy-Rell-HipHopTXLcom-Hip-Hop-TXL-Vol-38-mixtape.602763.html,15-09-18
Nipsey Hussle,Bullets Ain't Got No Name Vol 2,142856,/Nipsey-Hussle-Bullets-Aint-Got-No-Name-Vol-2-mixtape.26020.html,15-09-18
Various Artists,Hip Hop TXL Vol 31,142466,/DJ-Reddy-Rell-Hip-Hop-TXL-Vol-31-mixtape.567195.html,15-09-18
Chief Keef,Bang Mixtape,142453,/Chief-Keef-Bang-Mixtape.268181.html,15-09-18
Gudda Gudda,Guddaville,142177,/Gudda-Gudda-Guddaville-mixtape.68646.html,15-09-18
Juicy J,shutdafukup,142021,/Juicy-J-shutdafukup-mixtape.878618.html,15-09-18
Various Artists,Hip Hop TXL Vol 42,142012,/DJ-Reddy-Rell-Hip-Hop-TXL-Vol-42-mixtape.617800.html,15-09-18
Los,The Crown Aint Safe,142008,/Los-The-Crown-Aint-Safe-mixtape.288842.html,15-09-18
Ace Hood,Body Bag 4,141788,/Ace-Hood-Body-Bag-4-mixtape.811082.html,15-09-18
French Montana,NY On Top: Year Of The Underdog,141638,/French-Montana-NY-On-Top-Year-Of-The-Underdog-mixtape.323660.html,15-09-18
Tink,Winter's Diary 2,141559,/Tink-Winters-Diary-2-mixtape.570560.html,15-09-18
Wale X A-Trak,Festivus,140921,/Wale-x-A-Trak-Festivus-mixtape.675330.html,15-09-18
Raekwon,Unexpected Victory,140820,/Raekwon-Unexpected-Victory-mixtape.295793.html,15-09-18
Young Dolph,Bosses & Shooters,140683,/Young-Dolph-Bosses-Shooters-mixtape.785851.html,15-09-18
Lil Wayne,Da Drought,140273,/Lil-Wayne-Da-Drought-mixtape.14663.html,15-09-18
Wale,Mixtape About Nothing,138937,/Wale-Mixtape-About-Nothing-mixtape.18329.html,15-09-18
Plies,Aristotle,138752,/Plies-Aristotle-mixtape.262909.html,15-09-18
Various Artists,Hip Hop TXL Vol 18,138688,/DJ-Reddy-Rell-Hip-Hop-TXL-Vol-18-mixtape.516340.html,15-09-18
Funkmaster Flex,Who You Mad At? Me Or Yourself?,138663,/Funkmaster-Flex-Who-You-Mad-At-Me-Or-Yourself-mixtape.478380.html,15-09-18
Lloyd Banks,Halloween Havoc 2,138481,/Lloyd-Banks-Halloween-Havoc-2-mixtape.744366.html,15-09-18
50 Cent,Forever King,138256,/50-Cent-Forever-King-mixtape.53837.html,15-09-18
Nipsey Hussle,The Marathon Continues: X-Tra Laps,138190,/Nipsey-Hussle-The-Marathon-Continues-X-Tra-Laps-mixtape.314689.html,15-09-18
Game,Purp & Patron (2 Disc),137534,/Game-Purp-Patron-2-Disc-mixtape.192428.html,15-09-18
Berner,Urban Farmer,137486,/Berner-Urban-Farmer-mixtape.393441.html,15-09-18
Lil Durk,Love Songs For The Streets,137297,/Lil-Durk-Love-Songs-For-The-Streets-mixtape.830530.html,15-09-18
Mac Miller,You (EP),137124,/Mac-Miller-You-EP-mixtape.420771.html,15-09-18
Chris Webby,The Underclassmen,136784,/Chris-Webby-The-Underclassmen-mixtape.135619.html,15-09-18
Ace Hood,Body Bag 3,136541,/Ace-Hood-Body-Bag-3-mixtape.642926.html,15-09-18
Ty Dolla Sign (Ty$),Beach House,136423,/Ty-Dolla-Sign-Ty-Beach-House-mixtape.402161.html,15-09-18
Lil Wayne,The Carter 3 Mixtape,136301,/Lil-Wayne-The-Carter-3-Mixtape.5689.html,15-09-18
Chief Keef,Two Zero One Seven,135966,/Chief-Keef-Two-Zero-One-Seven-mixtape.817705.html,15-09-18
Chip,London Boy,135690,/Chip-London-Boy-mixtape.435121.html,15-09-18
Snoop Dogg,That's My Work 2,135446,/Snoop-Dogg-Thats-My-Work-2-mixtape.542835.html,15-09-18
Chris Webby,Teenage Mutant Ninja Rapper,134650,/Chris-Webby-Teenage-Mutant-Ninja-Rapper-mixtape.67081.html,15-09-18
Curren$y,Stoned On Ocean,134619,/Curreny-Stoned-On-Ocean-mixtape.791094.html,15-09-18
Akon,Konkrete Jungle,134106,/Akon-Konkrete-Jungle-mixtape.352745.html,15-09-18
Chinx Drugz,Cocaine Riot 2,133739,/Chinx-Drugz-Cocaine-Riot-2-mixtape.352743.html,15-09-18
2 Chainz,Chain Gang,133725,/2-Chainz-Chain-Gang-mixtape.364146.html,15-09-18
Young Dolph,High Class Street Music 4 (american Gangster),133580,/Young-Dolph-High-Class-Street-Music-4-american-Gangster-mixtape.628160.html,15-09-18
K. Camp,You Welcome,133486,/K-Camp-You-Welcome-mixtape.746376.html,15-09-18
Instrumentals,Got Instrumentals Lex Luger Edition,133374,/Instrumentals-Got-Instrumentals-Lex-Luger-Edition-mixtape.238598.html,15-09-18
Casey Veggies,Customized Greatly 3,133012,/Casey-Veggies-Customized-Greatly-3-mixtape.334412.html,15-09-18
Ace Hood,Trust The Process (Deluxe Edition),133002,/Ace-Hood-Trust-The-Process-Deluxe-Edition-mixtape.858766.html,15-09-18
Various Artists,Hip Hop TXL Vol 39,132972,/DJ-Reddy-Rell-Hip-Hop-TXL-Vol-39-mixtape.607480.html,15-09-18
Gucci Mane,Trap House 4 ,132641,/Gucci-Mane-Trap-House-4-mixtape.626693.html,15-09-18
Various Artists,Hip Hop TXL Vol 30,132471,/DJ-Reddy-Rell-Hip-Hop-TXL-Vol-30-mixtape.562607.html,15-09-18
Don Q,Corner Stories,132463,/Don-Q-Corner-Stories-mixtape.831489.html,15-09-18
Kendrick Lamar,Cartoon & Cereal (EP),132288,/Kendrick-Lamar-Cartoon-Cereal-EP-mixtape.303592.html,15-09-18
Los,Worth The Wait,132218,/Los-Worth-The-Wait-mixtape.252498.html,15-09-18
Kanye West,Eyes Closed,132180,/Kanye-West-Eyes-Closed-mixtape.189916.html,15-09-18
Don Trip,Help Is On The Way,131415,/Don-Trip-Help-Is-On-The-Way-mixtape.403962.html,15-09-18
Gudda Gudda,Guddaville 3,131411,/Gudda-Gudda-Guddaville-3-mixtape.415819.html,15-09-18
Juicy J,Rubba Band Business,131121,/Juicy-J-Rubba-Band-Business-mixtape.182584.html,15-09-18
T-Pain,The Iron Way,130995,/T-Pain-The-Iron-Way-mixtape.680203.html,15-09-18
Waka Flocka,Benjamin Flocka,130849,/Waka-Flocka-Benjamin-Flocka-mixtape.218773.html,15-09-18
21 Savage,Slaughter King,130795,/21-Savage-Slaughter-King-mixtape.750734.html,15-09-18
A$AP Rocky,Deep Purple,130553,/AAP-Rocky-Deep-Purple-mixtape.249135.html,15-09-18
Ace Hood,The Statement,130253,/Ace-Hood-The-Statement-mixtape.160096.html,15-09-18
Juicy J,Gas Face,130240,/Juicy-J-Gas-Face-mixtape.843737.html,15-09-18
Various Artists,Hip Hop TXL Vol 47,129701,/DJ-Reddy-Rell-Hip-Hop-TXL-Vol-47-mixtape.640235.html,15-09-18
Big K.R.I.T.,12 For 12,129464,/Big-KRIT-12-For-12-mixtape.792715.html,15-09-18
Miguel,Art Dealer Chic Vol.1 EP,129255,/Miguel-Art-Dealer-Chic-Vol1-EP-mixtape.319982.html,15-09-18
Various Artists,Hip Hop TXL Vol 49,129112,/DJ-Reddy-Rell-Hip-Hop-TXL-Vol-49-mixtape.648306.html,15-09-18
Masspike Miles,Skky Miles,128919,/Masspike-Miles-Skky-Miles-mixtape.352796.html,15-09-18
Various Artists,Hip Hop TXL Vol 52,128891,/DJ-Reddy-Rell-Hip-Hop-TXL-Vol-52-mixtape.660870.html,15-09-18
Roscoe Dash,2.0,128805,/Roscoe-Dash-20-mixtape.382720.html,15-09-18
Remy Ma,I'm Around,128604,/Remy-Ma-Im-Around-mixtape.656470.html,15-09-18
Gucci Mane & Migos,The Green Album,128243,/Gucci-Mane-Migos-The-Green-Album-mixtape.621770.html,15-09-18
NBA Youngboy,Mind Of A Menace 3,128226,/NBA-Youngboy-Mind-Of-A-Menace-3-mixtape.811304.html,15-09-18
Talib Kweli & Z-Trip,Attack The Block,128164,/Talib-Kweli-Z-Trip-Attack-The-Block-mixtape.389953.html,15-09-18
Various Artists,Hip Hop TXL Vol 51,127873,/DJ-Reddy-Rell-Hip-Hop-TXL-Vol-51-mixtape.656821.html,15-09-18
Blac Youngsta,F*ck Everybody,127713,/Blac-Youngsta-Fck-Everybody-mixtape.802631.html,15-09-18
Various Artists,Hip Hop TXL Vol 22,127598,/DJ-Reddy-Rell-Hip-Hop-TXL-Vol-22-mixtape.529615.html,15-09-18
Various Artists,Hip Hop TXL Vol 13,127540,/DJ-Reddy-Rell-Hip-Hop-TXL-Vol-13-mixtape.495261.html,15-09-18
August Alsina,The Product,127169,/August-Alsina-The-Product-mixtape.342322.html,15-09-18
Royce Da 5'9,Trust The Shooter,127135,/Royce-Da-59-Trust-The-Shooter-mixtape.775035.html,15-09-18
MMG,Priorities 4,126838,/MMG-Priorities-4-mixtape.774124.html,15-09-18
Lil Herb & Lil Bibby,The Best Of Lil Herb & Lil Bibby: Heir Apparents,126822,/Lil-Herb-Lil-Bibby-The-Best-Of-Lil-Herb-Lil-Bibby-Heir-Apparents-mixtape.485302.html,15-09-18
Cory Gunz,Son Of A Gun,126746,/Cory-Gunz-Son-Of-A-Gun-mixtape.246279.html,15-09-18
Drake,O.V.O,126361,/Drake-OVO-mixtape.229918.html,15-09-18
Fetty Wap X PNB Rock,"Money, Hoes & Flows",126144,/Fetty-Wap-x-PNB-Rock-Money-Hoes-Flows-mixtape.793753.html,15-09-18
Memphis Bleek,The Movement,126130,/Memphis-Bleek-The-Movement-mixtape.334946.html,15-09-18
Busta Rhymes & Q-Tip,The Abstract And The Dragon,125810,/Busta-Rhymes-Q-Tip-The-Abstract-And-The-Dragon-mixtape.557088.html,15-09-18
Plies,Aint No Mixtape Bih 2,125458,/Plies-Aint-No-Mixtape-Bih-2-mixtape.747825.html,15-09-18
Cam'ron,The Program,124991,/Camron-The-Program-mixtape.870785.html,15-09-18
Various Artists,Hip Hop TXL Vol 58,124966,/DJ-Reddy-Rell-Hip-Hop-TXL-Vol-58-mixtape.685505.html,15-09-18
Gucci Mane,Trap House 5 (the Final Chapter),124791,/Gucci-Mane-Trap-House-5-the-Final-Chapter-mixtape.700375.html,15-09-18
Curren$y & Young Roddy,3 Piece Set: A Closed Session,123827,/Curreny-Young-Roddy-3-Piece-Set-A-Closed-Session-mixtape.434169.html,15-09-18
Gucci Mane,King Gucci,123634,/Gucci-Mane-King-Gucci-mixtape.710519.html,15-09-18
Lil Wayne,New Orleans Nightmare 3,123571,/Lil-Wayne-New-Orleans-Nightmare-3-mixtape.5538.html,15-09-18
Domo Genesis,Under The Influence,123315,/Domo-Genesis-Under-The-Influence-mixtape.263025.html,15-09-18
Migos & Rich The Kid,Streets On Lock 4,123314,/Migos-Rich-The-Kid-Streets-On-Lock-4-mixtape.742033.html,15-09-18
Mike Will Made It,Ransom,122986,/Mike-Will-Made-It-Ransom-mixtape.673275.html,15-09-18
Vince Staples & Larry Fisherman,Stolen Youth LP,122827,/Vince-Staples-Larry-Fisherman-Stolen-Youth-LP-mixtape.501544.html,15-09-18
Paul Wall,No Sleep Til Houston,122743,/Paul-Wall-No-Sleep-Til-Houston-mixtape.315182.html,15-09-18
Nas,The Nigger Tape,122556,/Nas-The-Nigger-Tape-mixtape.15983.html,15-09-18
JAY PARK ,Fresh A!r:breathe !t,122287,/JAY-PARK-Fresh-Arbreathe-t-mixtape.352092.html,15-09-18
Yo Gotti,Cocaine Muzik,122265,/Yo-Gotti-Cocaine-Muzik-mixtape.16461.html,15-09-18
"Lil B ""The BasedGod""",Gods Father,121986,/Lil-B-The-BasedGod-Gods-Father-mixtape.319379.html,15-09-18
MMG,Priorities 5,121781,/MMG-Priorities-5-mixtape.808411.html,15-09-18
Fetty Wap,Two Face: Fetty Wap Or Zovier 2 (The Mixtape) [Hosted By @OfficialYoungRB],121725,/Fetty-Wap-Two-Face-Fetty-Wap-Or-Zovier-2-The-Mixtape-Hos-mixtape.720834.html,15-09-18
Lloyd Banks,V.5,121706,/Lloyd-Banks-V5-mixtape.87312.html,15-09-18
Yo Gotti & Zedzilla,Cocaine Muzik 4: Gangsta Grillz,121681,/Yo-Gotti-Zedzilla-Cocaine-Muzik-4-Gangsta-Grillz-mixtape.91129.html,15-09-18
Shyne,Gangland,121557,/Shyne-Gangland-mixtape.398310.html,15-09-18
Mike Posner,The Layover,121548,/Mike-Posner-The-Layover-mixtape.284023.html,15-09-18
Diggy Simmons,Airborne,121357,/Diggy-Simmons-Airborne-mixtape.145605.html,15-09-18
Chris Webby,The Checkup,121169,/Chris-Webby-The-Checkup-mixtape.617593.html,15-09-18
50 Cent,Guess Who's Back?,120891,/50-Cent-Guess-Whos-Back-mixtape.72409.html,15-09-18
Young Jeezy & CTE,#ItsThaWorld,120881,/Young-Jeezy-CTE-ItsThaWorld-mixtape.493338.html,15-09-18
Lil Boosie,Lil Boosie Bad Azz AKA Hollywood Hatchet,120866,/Lil-Boosie-Lil-Boosie-Bad-Azz-AKA-Hollywood-Hatchet-mixtape.7939.html,15-09-18
Game,Hoodmorning (No Typo): Candy Coronas,120503,/Game-Hoodmorning-No-Typo-Candy-Coronas-mixtape.256743.html,15-09-18
Fred The Godson,Contraband,120218,/Fred-The-Godson-Contraband-mixtape.452505.html,15-09-18
Vado,Slime Flu 5,120163,/Vado-Slime-Flu-5-mixtape.742431.html,15-09-18
Wiz Khalifa,Reefer Party,119936,/Wiz-Khalifa-Reefer-Party-mixtape.256279.html,15-09-18
Various Artists,Hip Hop TXL Vol 4,119832,/DJ-Reddy-Rell-Hip-Hop-TXL-Vol-4-mixtape.468390.html,15-09-18
Fred The Godson,Gordo Frederico,119654,/Fred-The-Godson-Gordo-Frederico-mixtape.359599.html,15-09-18
Lil Wayne And Young Money,YMCMB: The Mixtape,119580,/Lil-Wayne-And-Young-Money-YMCMB-The-Mixtape.239452.html,15-09-18
Young Buck,10 Bodies,119293,/Young-Buck-10-Bodies-mixtape.794254.html,15-09-18
Hustle Gang,Hustle Gang Over Errrrythang,119274,/Hustle-Gang-Hustle-Gang-Over-Errrrythang-mixtape.804562.html,15-09-18
Joe Budden,Mood Muzik 3,119253,/Joe-Budden-Mood-Muzik-3-mixtape.9261.html,15-09-18
Caskey,The Transient Classics,119158,/Caskey-The-Transient-Classics-mixtape.525488.html,15-09-18
Stalley,Honest Cowboy,118984,/Stalley-Honest-Cowboy-mixtape.519186.html,15-09-18
Various Artists,Hip Hop TXL Vol 55,118722,/DJ-Reddy-Rell-Hip-Hop-TXL-Vol-55-mixtape.672345.html,15-09-18
Drake & The Weeknd,OVOXO,118699,/Drake-The-Weeknd-OVOXO-mixtape.262971.html,15-09-18
Various Artists,Hip Hop TXL Vol 56,118026,/DJ-Reddy-Rell-Hip-Hop-TXL-Vol-56-mixtape.677730.html,15-09-18
Ransom,The Alternative,117864,/Ransom-The-Alternative-mixtape.481716.html,15-09-18
Yo Gotti,Cocaine Muzik 4.5 (Da Documentary),117851,/Yo-Gotti-Cocaine-Muzik-45-Da-Documentary-mixtape.139373.html,15-09-18
Kid Cudi,Rap Hard (Demo),117545,/Kid-Cudi-Rap-Hard-Demo-mixtape.283555.html,15-09-18
Waka Flocka,DuFlocka Rant: 10 Toes Down,117453,/Waka-Flocka-DuFlocka-Rant-10-Toes-Down-mixtape.236241.html,15-09-18
DRAKE,The Best Of Drake - 50 Tracks !,117380,/DRAKE-The-Best-Of-Drake-50-Tracks--mixtape.57093.html,15-09-18
Young Dolph,High Class Street Music 5 (The Plug Best Friend),116866,/Young-Dolph-High-Class-Street-Music-5-The-Plug-Best-Friend-mixtape.690315.html,15-09-18
Maino & Uncle Murda,Yellow Tape (King Kong & Godzilla),116826,/Maino-Uncle-Murda-Yellow-Tape-King-Kong-Godzilla-mixtape.774646.html,15-09-18
Meek Mill,Flamers 2.5: The Preview,116797,/Meek-Mill-Flamers-25-The-Preview-mixtape.71655.html,15-09-18
Nipsey Hussle,Famous Lies And Unpopular Truths,116656,/Nipsey-Hussle-Famous-Lies-And-Unpopular-Truths-mixtape.812054.html,15-09-18
Chance The Rapper & Jeremih,Merry Christmas Lil Mama,116486,/Chance-The-Rapper-Jeremih-Merry-Christmas-Lil-Mama-mixtape.818948.html,15-09-18
French Montana,Coke Boys Tour Mixtape,116195,/French-Montana-Coke-Boys-Tour-Mixtape.162219.html,15-09-18
Young Buck,10 Pints,116041,/Young-Buck-10-Pints-mixtape.718313.html,15-09-18
Cyhi Da Prynce,Royal Flush 2,115990,/Cyhi-Da-Prynce-Royal-Flush-2-mixtape.239834.html,15-09-18
Machine Gun Kelly,Rage Pack,115915,/Machine-Gun-Kelly-Rage-Pack-mixtape.271391.html,15-09-18
Childish Gambino,EP,115877,/Childish-Gambino-EP-mixtape.240887.html,15-09-18
Isaiah Rashad,Welcome To The Game Hosted By @mosthated81 & Multi,115708,/Isaiah-Rashad-Welcome-To-The-Game-Hosted-By-mosthated81-Multi-mixtape.497040.html,15-09-18
Travis Porter,Music Money Magnums,115151,/Travis-Porter-Music-Money-Magnums-mixtape.195744.html,15-09-18
Nipsey Hussle X Bino Rideaux,No Pressure,115028,/Nipsey-Hussle-x-Bino-Rideaux-No-Pressure-mixtape.873066.html,15-09-18
Don Trip,Randy Savage,114476,/Don-Trip-Randy-Savage-mixtape.569118.html,15-09-18
Yo Gotti,Cocaine Muzik 3,114304,/Yo-Gotti-Cocaine-Muzik-3-mixtape.51785.html,15-09-18
Rocko,Gift Of Gab,114234,/Rocko-Gift-Of-Gab-mixtape.287287.html,15-09-18
Snoop Dogg,Thats My Work 3,114215,/Snoop-Dogg-Thats-My-Work-3-mixtape.584766.html,15-09-18
Boosie Badazz,Happy Thanksgiving & Merry Christmas,113881,/Boosie-Badazz-Happy-Thanksgiving-Merry-Christmas-mixtape.814307.html,15-09-18
K Camp,RARE,113653,/K-Camp-RARE-mixtape.809706.html,15-09-18
Rich The Kid,Dabbin Fever,113517,/Rich-The-Kid-Dabbin-Fever-mixtape.754180.html,15-09-18
Mila J,Battlefield America Soundtrack Mixtape Vol. 1,113517,/Mila-J-Battlefield-America-Soundtrack-Mixtape-Vol-1-mixtape.352162.html,15-09-18
Casey Veggies & Rockie Fresh,Fresh Veggies,113434,/Casey-Veggies-Rockie-Fresh-Fresh-Veggies-mixtape.559248.html,15-09-18
Yelawolf & DJ Paul,Black Fall (EP),113411,/Yelawolf-DJ-Paul-Black-Fall-EP-mixtape.545492.html,15-09-18
Young Jeezy,I Am The Street Dream,113232,/Young-Jeezy-I-Am-The-Street-Dream-mixtape.2040.html,15-09-18
Young Scooter ,80's Baby,113225,/Young-Scooter-80s-Baby-mixtape.627256.html,15-09-18
Various Artists,Hip Hop TXL Vol 81,113057,/DJ-Reddy-Rell-Hip-Hop-TXL-Vol-81-mixtape.788407.html,15-09-18
Lil Reese,Supa Savage 2,112861,/Lil-Reese-Supa-Savage-2-mixtape.717792.html,15-09-18
King Lil G,#ak47boyz,112084,/King-Lil-G-ak47boyz-mixtape.594191.html,15-09-18
Iggy Azalea,Glory (EP),112006,/Iggy-Azalea-Glory-EP-mixtape.376664.html,15-09-18
Torch,Tax Season,111840,/Torch-Tax-Season-mixtape.462761.html,15-09-18
Blac Youngsta,I'm Innocent,111498,/Blac-Youngsta-Im-Innocent-mixtape.847589.html,15-09-18
Jay-Z & 9th Wonder,Black American Gangster,111247,/Jay-Z-9th-Wonder-Black-American-Gangster-mixtape.437961.html,15-09-18
Chris Webby,The White Noise LP,111213,/Chris-Webby-The-White-Noise-LP-mixtape.44040.html,15-09-18
Freddie Gibbs,Cold Day In Hell,110759,/Freddie-Gibbs-Cold-Day-In-Hell-mixtape.278583.html,15-09-18
Various Artists,Hip Hop TXL Vol 50,110740,/DJ-Reddy-Rell-Hip-Hop-TXL-Vol-50-mixtape.652562.html,15-09-18
T-Pain & Lil Wayne,T-Wayne,110661,/T-Pain-Lil-Wayne-T-Wayne-mixtape.844706.html,15-09-18
Tyga,Outraged & Underage,110641,/Tyga-Outraged-Underage-mixtape.36542.html,15-09-18
Rich Homie Quan,ABTA : Still Going In,110544,/Rich-Homie-Quan-ABTA-Still-Going-In-mixtape.746888.html,15-09-18
PARTYNEXTDOOR,PNDCOLOURS,110343,/PARTYNEXTDOOR-PNDCOLOURS-mixtape.670498.html,15-09-18
Hell Rell,Not Guilty,109446,/Hell-Rell-Not-Guilty-mixtape.383977.html,15-09-18
Curren$y,The Legend Of Harvard Blue,108904,/Curreny-The-Legend-Of-Harvard-Blue-mixtape.786091.html,15-09-18
Yung Berg,Chicago Redemption,108866,/Yung-Berg-Chicago-Redemption-mixtape.354877.html,15-09-18
Schoolboy Q,Schoolboy Turned Hustla,108627,/Schoolboy-Q-Schoolboy-Turned-Hustla-mixtape.17869.html,15-09-18
Gunplay,Acquitted,108440,/Gunplay-Acquitted-mixtape.492165.html,15-09-18
Meek Mill,Flamers,108405,/Meek-Mill-Flamers-mixtape.19094.html,15-09-18
Chevy Woods,Gang Land 2,108164,/Chevy-Woods-Gang-Land-2-mixtape.537190.html,15-09-18
Problem,Welcome To Mollywood 2,107933,/Problem-Welcome-To-Mollywood-2-mixtape.390629.html,15-09-18
The Cool Kids,Gone Fishing: Instrumentals,107508,/The-Cool-Kids-Gone-Fishing-Instrumentals-mixtape.302434.html,15-09-18
Various Artists,Hip Hop TXL Vol 11,107363,/DJ-Reddy-Rell-Hip-Hop-TXL-Vol-11-mixtape.488412.html,15-09-18
"Lil Wayne, Juelz Santana",My Face Can't Be Felt,107299,/Lil-Wayne-My-Face-Cant-Be-Felt-mixtape.39546.html,15-09-18
21 Savage,Slaughter Tape,107242,/21-Savage-Slaughter-Tape-mixtape.750751.html,15-09-18
Blac Youngsta,Illuminati,107103,/Blac-Youngsta-Illuminati-mixtape.830857.html,15-09-18
The Lox,The Trinity (3rd Sermon),107050,/The-Lox-The-Trinity-3rd-Sermon-mixtape.664795.html,15-09-18
Waka Flocka ,Flockaveli 1.5,106940,/Waka-Flocka-Flockaveli-15-mixtape.748913.html,15-09-18
Various Artists,Hip Hop TXL Vol 28,106775,/DJ-Reddy-Rell-Hip-Hop-TXL-Vol-28-mixtape.554588.html,15-09-18
Schoolboy Q,Gangsta & Soul,106631,/Schoolboy-Q-Gangsta-Soul-mixtape.46110.html,15-09-18
Cyhi The Prynce,Ivy League Club,106296,/Cyhi-The-Prynce-Ivy-League-Club-mixtape.374200.html,15-09-18
Gucci Mane,The Spot (Soundtrack),106281,/Gucci-Mane-The-Spot-Soundtrack-mixtape.743533.html,15-09-18
Curren$y,Weed & Instrumentals ,106194,/Curreny-Weed-Instrumentals-mixtape.774451.html,15-09-18
Various Artists,Hip Hop TXL Vol 29,106182,/DJ-Reddy-Rell-Hip-Hop-TXL-Vol-29-mixtape.559415.html,15-09-18
Wale,100 Miles and Running,106067,/Wale-100-Miles-and-Running-mixtape.5625.html,15-09-18
Blac Youngsta,Young & Reckless,106018,/Blac-Youngsta-Young-Reckless-mixtape.772986.html,15-09-18
Rich Homie Quan,DTSpacely Made This,105149,/Rich-Homie-Quan-DTSpacely-Made-This-mixtape.735297.html,15-09-18
Various Artists,Hip Hop TXL Vol 17,104939,/DJ-Reddy-Rell-Hip-Hop-TXL-Vol-17-mixtape.511804.html,15-09-18
Roscoe Dash,Dash Effect,104819,/Roscoe-Dash-Dash-Effect-mixtape.258384.html,15-09-18
Mark Battles,Walking Distance,104777,/Mark-Battles-Walking-Distance-mixtape.352900.html,15-09-18
Various Artists,Hip Hop TXL Vol 77,104663,/DJ-Reddy-Rell-Hip-Hop-TXL-Vol-77-mixtape.768748.html,15-09-18
The Neighbourhood,#000000 & #ffffff,104613,/The-Neighbourhood-000000-ffffff-mixtape.669129.html,15-09-18
XV,Popular Culture,104097,/XV-Popular-Culture-mixtape.362180.html,15-09-18
Cyhi The Prynce,BHP 2: N.A.A.C.P,104044,/Cyhi-The-Prynce-BHP-2-NAACP-mixtape.688702.html,15-09-18
Gucci Mane,Gucci 3D By Gucci Mane,103637,/Gucci-Mane-Gucci-3D-By-Gucci-Mane-mixtape.387095.html,15-09-18
Jay Electronica,What The F*ck Is A Jay Electronica,103635,/Jay-Electronica-What-The-Fck-Is-A-Jay-Electronica-mixtape.29273.html,15-09-18
Tory Lanez,Sincerely Tory,103484,/Tory-Lanez-Sincerely-Tory-mixtape.351700.html,15-09-18
Plies,On Trial 2,103252,/Plies-On-Trial-2-mixtape.415998.html,15-09-18
Kirko Bangz,Progression IV,102907,/Kirko-Bangz-Progression-IV-mixtape.595683.html,15-09-18
Lil Wayne,The Prefix,102714,/Lil-Wayne-The-Prefix-mixtape.1800.html,15-09-18
Ar-Ab,Who Harder Than Me 2,102672,/Ar-Ab-Who-Harder-Than-Me-2-mixtape.402129.html,15-09-18
Game,Purp & Patron: The Hangover,102660,/Game-Purp-Patron-The-Hangover-mixtape.193040.html,15-09-18
Bow Wow,Im Better Than You,102273,/Bow-Wow-Im-Better-Than-You-mixtape.265999.html,15-09-18
Pretty Ricky,Sex Music Vol. 1: Streets N The Sheets,102150,/Pretty-Ricky-Sex-Music-Vol-1-Streets-N-The-Sheets-mixtape.261193.html,15-09-18
Young Buck,Live Loyal Die Rich,102049,/Young-Buck-Live-Loyal-Die-Rich-mixtape.298543.html,15-09-18
Gucci Mane,East Atlanta Santa 2,101970,/Gucci-Mane-East-Atlanta-Santa-2-mixtape.755867.html,15-09-18
Vince Staples,Shyne Coldchain Vol. 2,101956,/Vince-Staples-Shyne-Coldchain-Vol-2-mixtape.590712.html,15-09-18
"2 Chainz, Cap 1, Skooly & Short Dawg",T.R.U. (The Real University),101943,/2-Chainz-TRU-The-Real-University-mixtape.681682.html,15-09-18
Ludacris,A Hustler's Spirit,101917,/Ludacris-A-Hustlers-Spirit-mixtape.93131.html,15-09-18
Jim Jones,Vampire Life 3,101665,/Jim-Jones-Vampire-Life-3-mixtape.520933.html,15-09-18
Papoose,Hoodie Season Pt 2,101319,/Papoose-Hoodie-Season-Pt-2-mixtape.575221.html,15-09-18
Rick Ross,Black Diamonds,101193,/Rick-Ross-Black-Diamonds-mixtape.357247.html,15-09-18
Wiz Khalifa,Northern Lights,101166,/Wiz-Khalifa-Northern-Lights-mixtape.170718.html,15-09-18
Curren$y & Jet Life,Red Eye Mixtape,101102,/Curreny-Jet-Life-Red-Eye-Mixtape.517109.html,15-09-18
The Furnace,The Homebass Ep,100865,/The-Furnace-The-Homebass-Ep-mixtape.601514.html,15-09-18
Cassidy,Da Barbarian,100737,/Cassidy-Da-Barbarian-mixtape.807755.html,15-09-18
Dom Kennedy,From The Westside With Love,100523,/Dom-Kennedy-From-The-Westside-With-Love-mixtape.108164.html,15-09-18
Big K.R.I.T.,Last King 2 (God's Machine),100506,/Big-KRIT-Last-King-2-Gods-Machine-mixtape.262810.html,15-09-18
Various Artists,Hip Hop TXL Vol 27,100492,/DJ-Reddy-Rell-Hip-Hop-TXL-Vol-27-mixtape.551369.html,15-09-18
Tech N9ne,Bad Season,100440,/Tech-N9ne-Bad-Season-mixtape.181295.html,15-09-18
Wale,Before I Shine,100372,/Wale-Before-I-Shine-mixtape.834159.html,15-09-18
Nelly,Scorpio Season,100257,/Nelly-Scorpio-Season-mixtape.411707.html,15-09-18
Chief Keef,Almighty DP 2,100256,/Chief-Keef-Almighty-DP-2-mixtape.734248.html,15-09-18
Various Artists,Hip Hop TXL Vol 53,100177,/DJ-Reddy-Rell-Hip-Hop-TXL-Vol-53-mixtape.664905.html,15-09-18
Waka Flocka Flame,Salute Me Or  Shoot Me  2,100143,/Waka-Flocka-Flame-Salute-Me-Or-Shoot-Me-2-mixtape.63575.html,15-09-18
O.T. Genasis,R&B: Rhythm & Bricks,100113,/OT-Genasis-RB-Rhythm-Bricks-mixtape.729423.html,15-09-18
