artist,title,downloads
Meek Mill,Dreamchasers 2,4826734
Lil Wayne,Sorry 4 The Wait,3146921
Wiz Khalifa,Taylor Allderdice,2455854
Big Sean,Detroit,2426401
Lil Wayne,Dedication 4,2396096
Rick Ross,Rich Forever,2176866
Wiz Khalifa,Cabin Fever 2,1959087
ASAP Rocky,LiveLoveA$ap,1958533
Jadakiss,Consignment,1903680
Wiz Khalifa,Kush & OJ,1900766
Lil Wayne,No Ceilings,1854900
Lil Wayne,Dedication 5,1736313
Chance The Rapper,Acid Rap,1659929
Drake,So Far Gone ,1613777
Wiz Khalifa,Cabin Fever,1549544
Meek Mill,Dreamchasers 3,1545895
French Montana,Mac & Cheese 3 ,1536431
J Cole,Friday Night Lights,1409829
Meek Mill,Dreamchasers,1408937
Wiz Khalifa,28 Grams,1374892
Mac Miller,Macadelic,1365072
Rick Ross,The Black Bar Mitzvah,1333801
Fabolous,The Soul Tape 2,1300993
Future,Purple Reign,1280876
Lil Wayne,Sorry 4 The Wait 2,1259391
Wale,Folarin,1247521
Tyga,Well Done 3,1213941
Mac Miller,Best Day Ever,1190278
Kevin Gates,Luca Brasi 2,1156537
Mac Miller,K.I.D.S,1149484
Rich Homie Quan,I Promise I Will Never Stop Going In,1119505
Fabolous,There Is No Competition: Death Comes In 3's,1101757
Young Jeezy,Its Tha World,1051256
Waka Flocka,Salute Me Or Shoot Me 4: Banned From America,1046999
The Weeknd,House Of Balloons,1044852
Kendrick Lamar,O.verly D.edicated,1015504
Kevin Gates,By Any Means,1015052
Fabolous,Summertime Shootout ,1014708
Yo Gotti,CM7: The World Is Yours,1008448
2 Chainz,T.R.U. REALigion,982737
Fabolous,The Soul Tape,981204
Wiz Khalifa & Curren$y,How Fly,955042
Gucci Mane,Trap God,950472
Logic,Young Sinatra: Welcome To Forever,948937
Fabolous,The Soul Tape 3,928899
Migos,No Label 2,895843
French Montana,Coke Boys 4,893604
Lil Wayne,The Dedication 2,886444
French Montana & Coke Boys,Coke Boys 3,880757
Logic,Young Sinatra: Undeniable ,876846
Lil Wayne,No Ceilings 2,873285
Young Jeezy,The Real Is Back,865640
Drake,Comeback Season,852860
The Weeknd,Echoes Of Silence,837095
Chief Keef,Back From The Dead,832073
Wiz Khalifa,Burn After Rolling,827516
Tyga,#BitchImTheShit,825839
Joey Bada$$,1999,811786
Future & FreeBand Gang,Future Presents F.B.G: The Movie,798517
Future & DJ Esco,Project E.T.,792108
Gucci Mane,Trap Back,788536
Future & DJ Esco,56 Nights,787306
Childish Gambino,Royalty,783756
Tyga,Well Done 2,773464
Wiz Khalifa,Flight School,765867
Juelz Santana,God Will'n,755504
Young Thug,Slime Season,749072
Ace Hood,Starvation 2,748417
Wyclef Jean,April Showers,738543
The Weeknd,Thursday,731685
Future,Monster,726540
50 Cent,The Lost Tape,717113
Gucci Mane,I'm Up,709797
Lil Wayne,Dedication 3,708411
Logic,Young Sinatra,706655
Chris Brown & Tyga,Fan Of A Fan,702076
Lil Wayne,Dedication 6,700955
J. Cole,The Warm Up,698714
Cassie,RockaByeBaby,697318
Future,Astronaut Status,694638
Big Sean,Finally Famous 3,686510
J Cole,Truly Yours 2,683445
Juicy J,Blue Dream & Lean,676482
50 Cent,The Kanan Tape,675698
French Montana,Casino Life 2: Brown Bag Legend ,671759
Nipsey Hussle,Crenshaw,656043
Lil Durk,Signed To The Streets 2,654182
J. Cole,Truly Yours,649729
"Rich Gang (Young Thug, Birdman & Rich Homie Quan)",Rich Gang: Tha Tour Pt 1,649590
Lil Durk,Signed To The Streets,644705
Future,Beast Mode,638162
Fabolous,Summertime Shootout 2,636767
Young Thug,Slime Season 2,635045
Curren$y,New Jet City,631462
Gucci Mane,Trap God 2,627766
Pusha T,Wrath Of Caine,627661
Lil Wayne,Da Drought 3 - Disc 1,613484
YG,Just Re'd Up 2,612351
Wale,More About Nothing,612219
Meek Mill,Mr Philadelphia,609487
Tyler The Creator,Bastard,603281
Curren$y & Styles P,#The1st28,599416
Rick Ross,Ashes To Ashes,593628
Tyga,Well Done,593356
B.o.B,Fuck Em We Ball,577383
Lecrae,Church Clothes,572294
Chance The Rapper,Coloring Book,570726
Ace Hood,Starvation 3,569370
Chance The Rapper,10 Day,562199
KiD CuDi,A Kid Named Cudi,561401
T.I.,F*ck Da City Up,553605
Kodak Black,Lil B.I.G. Pac,550756
Chris Brown,Boy In Detention,550671
Rick Ross,Black Dollar,548829
Mac Miller,The High Life,543718
Mac Miller,The High Life,543716
Ace Hood,Starvation,539581
Chris Brown ,Before The Party,538758
Migos,Y.R.N. (Young Rich Niggas),536028
Wiz Khalifa,Cabin Fever 3,533723
Tyga,Well Done 4,524788
Trey Songz,Anticipation 2,512959
Wiz Khalifa,Star Power,510636
Los,Becoming King,506840
Kevin Gates,The Luca Brasi Story,496992
Lil Wayne,The Dedication,496357
Mac Miller,Faces,495578
Lil Wayne,Da Drought 3 - Disc 2,495260
Kevin Gates,Murder For Hire,491276
Boosie Bad Azz,Life After Deathrow,491030
Yo Gotti,Concealed,490654
Tyga,Black Thoughts 2,484684
Kevin Gates,Stranger Than Fiction,484575
Young Jeezy,Trap Or Die 2,481812
Vado,Slime Flu 4,474448
Wale,The Eleven One Eleven Theory ,473658
Curren$y,Verde Terrace,472376
Lil Uzi Vert,Lil Uzi Vs The World,468299
Fabolous,There Is No Competition 2: The Funeral Service ,462749
French Montana,Wave Gods,457304
Kid Ink,Rocketshipshawty,454612
Lil Wayne,D6: Reloaded,453356
Jeremih,Late Nights With Jeremih,447261
Nipsey Hussle,Mailbox Money,445423
Tory Lanez,The New Toronto,441925
Trey Songz,To Whom It May Concern,441358
Ace Hood,Body Bag Vol 2,440693
Kevin Gates,In The Meantime,436996
Post Malone,August 26th,436097
Ty Dolla Sign (Ty$),Sign Language ,433052
Chief Keef,Bang Pt. 2,430797
Travi$ Scott,Days Before Rodeo,424555
Kirko Bangz,Procrastination Kills 4,423318
Childish Gambino,STN MTN/ Kauai Mixtape,418506
Yo Gotti,The Return,416777
Migos,Y.R.N. 2 (Young Rich Niggas 2),416497
Young Jeezy,Gangsta Party,414189
Rich Homie Quan ,Still Goin In (Reloaded),414138
Lil Herb,Welcome To Fazoland,411514
King Los,Zero Gravity 2,411476
Dom Kennedy,Yellow Album ,407843
Yo Gotti,CM8,404312
Future,Streetz Calling,401864
Yo Gotti,CM6: Gangsta Of The Year,399129
Yo Gotti,January 10th (mixtape),396268
Tory Lanez,Chixtape 4,394315
Lil Durk,300 Days 300 Nights,393622
Lloyd Banks,V6: The Gift,392636
YG Feat. DJ Mustard,4 Hunnid Degreez ,390269
Migos,Rich Nigga Timeline,389413
Curren$y,The Drive In Theatre,388896
Lil Bibby,Free Crack 2,388057
Curren$y,Priest Andretti,386949
French Montana & Waka Flocka,Lock Out,384223
Drake,Room For Improvement,384031
ASAP Ferg,Ferg Forever,381019
Gucci Mane & Young Thug,Young Thugga Mane La Flare,378290
Juicy J,100% Juice,378007
Chief Keef,Sorry 4 The Weight,376361
Young Jeezy,The Real Is Back 2,374369
Tory Lanez,The New Toronto 2,372862
Pusha-T,Fear Of God,370460
Lil Wayne,Lil Weezy Ana,369667
Meek Mill,4-4 EP,368459
Lil Uzi Vert,The Perfect Luv Tape,368353
Logic,"Young, Broke & Infamous",367155
Curren$y,Covert Coup,366950
Big K.R.I.T.,4eva N A Day,365823
B.o.B,EPIC: Every Play Is Crucial,363096
Gucci Mane,Writings On The Wall 2,362206
Kodak Black,Institution,358140
Jhene Aiko,Sailing Soul(s),358032
Schoolboy Q,Setbacks,356519
Big K.R.I.T.,Return Of 4eva,352872
The Underachievers,Indigoism ,352413
Game,OKE,350936
Joe Budden,A Loose Quarter,348366
Big K.R.I.T.,It's Better This Way,345955
French Montana & Coke Boys,Coke Boys 2,344949
Gucci Mane,Trap Back 2,344045
J. Cole,The Come Up Mixtape Vol 1,343940
Gucci Mane,Diary Of A Trap God,343495
Game,California Republic,342557
Yo Gotti,Nov 19th: The Mixtape,341912
"Lil Wayne, Juelz Santana",Blow,341146
Lil Herb,Ballin Like I'm Kobe,339416
Juicy J,Blue Dream And Lean 2,338274
Ransom,Winter's Coming,337645
Wiz Khalifa,Prince Of The City 2,337456
Flatbush Zombies,D.R.U.G.S.,336622
Chris Brown,In My Zone 2,335591
Kid Ink,Wheels Up,334780
Migos,Back To The Bando,334631
BIG K.R.I.T.,Krit Wuz Here,333804
Kirko Bangz,Progression 2: A Young Texas Playa,333283
Chief Keef,Almighty So,331042
Kevin Gates,Make Em Believe,329686
Meek Mill,4-4 Pt 2,327803
J Cole,Any Given Sunday EP #1,325065
Lil Snupe,R.N.I.C.,324916
Kid Ink,Daydreamer,318581
Waka Flocka Flame,Duflocka Rant 2,315698
Flatbush ZOMBiES,BetterOffDEAD,314170
Trinidad James,Don't Be S.A.F.E,312203
Lil Bibby,Free Crack 3,311326
Nipsey Hussle,The Marathon,310798
Big K.R.I.T.,King Remembered In Time,308594
Gucci Mane & Future,Free Bricks 2 (Zone 6 Edition),307759
Chris Brown,In My Zone (gangsta Grillz),305847
Mac Miller,"I Love Life, Thank You",304403
2 Chainz,Daniel Son: Necklace Don,302339
2 Chainz,FreeBase,300688
Gucci Mane,Gucci 2 Time,300585
Mac Miller,The Jukebox: Prelude To Class Clown,298916
Future,True Story,297683
Cassidy,Mayhem Music: AP 3 ,297134
Ludacris,1.21 Gigawatts: Back To The First Time,296012
Tity Boi,Codeine Cowboy (A 2 Chainz Collective),294489
Gucci Mane & Future,Free Bricks,293488
Rockie Fresh,Electric Highway,289870
Nipsey Hussle,The Marathon Continues,288925
French Montana & Fetty Wap,Coke Zoo,288662
Ace Hood,The Statement 2,288263
Machine Gun Kelly ,Black Flag,287767
Rick Ross,The Albert Anastasia EP,287760
Lloyd Banks,The Cold Corner 2,287596
August Alsina,The Product 2,286681
Ludacris,#IDGAF,286016
Dizzy Wright,Free SmokeOut Conversations Mixtape,285707
YG,Just Re'd Up,284971
"Wiz Khalifa, Mac Miller",Sweet Sixteen Vol. 3: Under The Influence,283658
50 Cent,The Big 10,283377
Trey Songz,Anticipation,283021
Styles P,The Diamond Life Project,282797
Kendrick Lamar & Jay Rock,No Sleep Til NYC,281369
Wale,Summer On Sunset,277833
A$AP Mob,Lord$ Never Worry,276894
Nipsey Hussle,Slauson Boy 2,276743
Ty Dolla Sign (Ty$),Beach House 2,276533
Action Bronson,Blue Chips 2,275850
Gunplay,Bogota Rich,273045
Chevy Woods,Gang Land,272705
Lloyd Banks,F.N.O. (Failure's No Option),270375
Future,Dirty Sprite,270096
Chief Keef,Back From The Dead 2,269964
Yelawolf,Trunk Muzik,269359
French Montana,Mac & Cheese 2,268818
Juicy J,O's,265337
Torch,No AC (Hosted by Evil Empire) ,264492
Lil Yachty,Lil Boat,263809
Hustle Gang,G.D.O.D. (Get Dough Or Die),263255
Juicy J & Lex Luger,Rubba Band Business 2,262517
Birdman,Rich Gang: All Stars,261276
Lil Bibby,Free Crack,260145
Machine Gun Kelly,Lace Up!,258755
Chris Brown & OHB,Before The Trap: Nights In Tarzana,258393
Lupe Fiasco,Enemy Of The State: A Love Story,257968
Juicy J,Blue Dream & Lean (Bonus Tracks),257075
2 Chainz,Felt Like Cappin,256578
Fabolous & Trey Songz,Trappy New Years,255981
Young Jeezy,The Last Laugh,253170
Lil Durk,Life Aint No Joke,251656
Chris Webby,Bars On Me,251415
Tyga,Black Thoughts,248424
"Kendrick Lamar, Jay Rock, Ab-Soul, Schoolboy Q, K. Dot",Black Hippy,247450
Jim Jones,Vampire Life 2,246511
Young Jeezy,Trap Or Die (Gangsta Grillz Edition),246102
French Montana,Mac & Cheese 4: The Appetizer,245261
Young Scooter,Street Lottery,245199
Curren$y,Return To The Winner's Circle,244601
Meek Mill,Flamers 3,244404
Slaughterhouse,House Rules,244327
Machine Gun Kelly (MGK),100 Words And Running,243820
Rich Homie Quan,If You Ever Think I Will Stop Goin' In Ask RR,242779
Ace Hood,Starvation 4,242119
2 Chainz,Hibachi For Lunch,241714
T.I.,Fuck A Mixtape,239508
B.o.B,No Genre,239277
Casey Veggies,Life Changes,239123
Lil Wayne,The Drought Is Over 4,237915
Joey Bada$$,Rejex,237681
Earl Sweatshirt,Earl,237681
Ace Hood,Starvation 5,237307
Freddie Gibbs,Baby Face Killa,236104
Kevin Cossom,Hook Vs. Bridge 2,235244
Lil Reese,Don't Like,233625
Kid Ink,Crash Landing,232036
A Boogie,Artist ,231334
Jacquees,MOOD,231125
J Cole,Any Given Sunday EP #2,230820
Fabolous,There Is No Competition,230645
Yelawolf,Trunk Muzik Returns,227994
Ty Dolla Sign (Ty$),Airplane Mode,227891
Curren$y,Here (EP),227890
Trey Songz,Anticipation 3,227768
"French Montana, Juicy J & Project Pat",Cocaine Mafia,226309
Lecrae,Church Clothes 2,226249
Curren$y,Saturday Night Car Tunes,226232
Lupe Fiasco,Friend Of The People: I Fight Evil,225759
Shy Glizzy,Law 3: Now or Never,225650
MoneyBagg Yo,Heartless,225290
Danny Brown,XXX,224329
YFN Lucci,Wish Me Well,224069
Lil Uzi Vert,Luv Is Rage,223319
Young Jeezy,"1,000 Grams",222653
Migos & Rich The Kid,Streets On Lock 3,221096
Young Dolph,16 Zips,220990
Pro Era,Peep: The Aprocalypse,220250
Fabolous,Friday Night Freestyles,219767
Chris Webby,Webster's Laboratory,219407
K. Michelle,0 Fucks Given,218662
Dej Loaf,All Jokes Aside,218476
Jadakiss,The Champ Is Here 3,218370
Wiz Khalifa,Prince of the City - Welcome to Pistolvania,217675
Ace Hood,Body Bag,216893
Birdman & Rick Ross,The H ,215263
Ab-Soul,Long Term 2,214824
Meek Mill,Philadelphia Eagles 3,214716
2 Pistols,"""Arrogant"" Hosted By: DJ Scream ",212754
Vado,Slime Flu 3,212188
K. Michelle,Still No Fucks Given,212004
Asher Roth,Pabst & Jazz,211456
Tory Lanez,Chixtape 3,211223
Curren$y & Harry Fraud,Cigarette Boats,211076
Vic Mensa,Innanetape,210792
Kendrick Lamar,Kendrick Lamar (EP),209872
Cory Gunz,Datz WTF I'm Talkin Bout,209032
Action Bronson & The Alchemist,Rare Chandeliers,208900
Omarion,Care Package,208485
DJ Esco & Future,No Sleep,208431
Dom Kennedy,The Original Dom Kennedy,207966
Gucci Mane & Young Scooter,Free Bricks 2,207858
CyHi The Prynce,Black Hystori Project,205547
Fetty Wap,Two Face: Fetty Wap Or Zovier (The Mixtape) [Hosted By @OfficialYoungRB],204867
Various Artists,G.O.O.D Vs. YMCMB,204597
B.o.B,No Genre 2,203628
Taylor Gang,TGOD Vol. 1,203401
Hustle Gang,G.D.O.D. 2,202559
Trey Songz,#LemmeHolDatBeat,202400
Migos,3 Way EP,201761
Kendrick Lamar,K-Dot Training Day,201067
Chief Keef,Finally Rollin 2,200853
Young Jeezy,Trappin Aint Dead,199381
Young Jeezy,Can't ban the snowman,198859
Jadakiss,I Love You (A Dedication To My Fans),198631
Childish Gambino,Culdesac,198259
Gucci Mane,Brick Factory,197907
Lil Uzi Vert X Gucci Mane,1017 Vs The World,197036
G-Unit,The Lost Flash Drive,196898
Chris Webby,Best In The Burbs,196831
Juicy J,Highly Intoxicated,195836
The Underachievers,The Lords Of Flatbush,195819
Wiz Khalifa,Grow Season,195277
Dizzy Wright,The Golden Age,195276
Juicy J,#MUSTBENICE,193662
Dave East,Karma,192971
Chief Keef,The GBE Code,192807
French Montana,Coke Boys,192188
Dave East,Hate Me Now,191586
K Camp,One Way,191493
Cassidy,Apply Pressure 2,190149
"Chris Brown, OHB X Section Boyz",Attack The Block,190028
Nicki Minaj,Beam Me Up Scotty,189595
Sir Michael Rocks,Lap Of Lux,187400
Mac Miller,Delusional Thomas,187224
MoneyBagg Yo X Yo Gotti,2 Federal,187217
The Game,You Know What It Is Vol 4 - Murda Game Chronicles,187056
French Montana,Mister 16: Casino Life,186501
Lil Uzi Vert,Luv Is Rage 1.5 (EP),186309
Kirko Bangz,Progression 3,184875
Drake,Unbelievable,184528
Plies,On Trial,183608
Lil Boosie,The Return Of Mr Wipe Me Down,183506
Young Thug,1017 Thug,183362
Domo Genesis & The Alchemist ,No Idols,183095
J. Cole,Any Given Sunday EP #5,181606
Jadakiss,#T5DOA,181452
Jacquees & DeJ Loaf,Fuck A Friend Zone,180872
Migos,Migo Lingo,180678
Problem,The Separation,180674
D12,Return Of The Dozen The Mixtape Vol.1,179900
Gucci Mane & Chief Keef,Big Gucci Sosa ,179007
Papoose,Best of Papoose,178279
Curren$y,Cathedral,177544
Kodak Black,Heart Of The Project,177386
Machine Gun Kelly,EST 4 Life,177277
Red Cafe,American Psycho,177029
NBA YoungBoy,38 Baby,177005
Tee Grizzley,My Moment,176927
Kid Ink & Batgang,Batgang: 4B's,176818
Waka Flocka,I Can't Rap Vol. 1,176528
50 Cent ,5 (Murder By Numbers),176237
Don Trip,Guerrilla,175851
Waka Flocka,Salute Me Or Shoot Me 3,174514
Gucci Mane & Young Jeezy,Gucci Vs. Jeezy,173964
Big Sean,Uknowbigsean Vol 2,173710
Gucci Mane,Jewelry Selection,172983
Trinidad James,10pc. Mild ,172915
Yo Gotti,Cocaine Muzik 5: White Friday,172801
Rick Ross,Renzel Remixes (Disc 2),172568
Kendrick Lamar,C4,172407
Meek Mill,Flamers 2,171831
50 Cent,50 Cent is the future,170782
Chip Tha Ripper,Tell Ya Friends,170198
Stalley,Savage Journey To The American Dream,170116
Big Sean,Finally Famous ,170026
Trey Songz,Intermission ,170004
Various Artists,Hip Hop TXL Vol 44,169939
Chris Brown,X Files EP,169618
Waka Flocka,From Roaches To Rollies,169150
Curren$y & Young Roddy,Bales,168944
Various Artists,Hip Hop TXL Vol 43,168195
Twista,Reloaded,168157
Wiz Khalifa,The Layover,168047
Lil Boosie,Streetz Iz Mine (re-uploaded),168009
Trey Songz,#LemmeHolDatBeat2,167593
Various Artists,Hip Hop TXL Vol 40,167416
Lil Herb,Pistol P Project,167305
"Jeezy, Doughboyz Cashout & YG",Boss Yo Life Up Gang,167138
Chinx Drugz,Cocaine Riot 4,167027
D-Pryde,Flagship,166370
Lil Wayne,Da Drought 2,166285
Puff Daddy,MMM,166098
Chiddy Bang,Peanut Butter & Swelly,165853
Various Artists,Hip Hop TXL Vol 34,164454
Curren$y & Alchemist,Carrollton Heist,164212
Young Jeezy,#ItsThaWorld2,163459
"Trademark Da Skydiver, Young Roddy & Curren$y",Jet Life To The Next Life,163359
Chinx Drugz,Cocaine Riot 3,163252
CyHi The Prynce,Ivy League: Kick Back,163018
Fredo Santana,It's A Scary Site,162886
Lil Wayne,The Suffix,162788
Lil Wayne,I Am Not A Human Being 2 (Mixtape),162367
Lloyd Banks,All Or Nothin: Live It Up,162302
Gucci Mane,Ferrari Music,162048
Dizzy Wright,Soul Searchin (the Next Level),162044
Yo Gotti,Cocaine Muzik 2,161844
SwizZz & Hopsin,Funk Volume Mixtape: Haywire,161655
Migos & Rich The Kid,Streets On Lock 2,160689
Curren$y & Smoke DZA,The Stage EP,160474
Joe Budden,Mood Muzik 4: A Turn for the Worst,160039
Curren$y,More Saturday Night Car Tunes,159964
Huey Mack & Mike Stud,Click,159478
Curren$y,The Owners Manual,159334
Lil Durk,They Forgot,159244
Don Trip & Starlito,Stepbrothers,159187
Young Money,YMCMB,158648
Young Scooter,Street Lottery 2,158e3
Cam'ron,Ghetto Heaven Vol 1,157719
Various Artists,Hip Hop TXL Vol 16,157191
Shy Glizzy,Young Jefe,156964
Fat Trel,Gleesh,156850
Young Dro,Day Two,156739
Gucci Mane,Trapology,156389
Chevy Woods,The Cookout ,156132
Kodak Black ,Project Baby,155117
Gucci Mane & Young Dolph,EastAtlantaMemphis,155005
Meek Mill,Meekend Music 2,154915
Juicy J,Lit In Ceylon,153776
Rocko,Gift Of Gab 2,153708
Lil Wayne,In Tune We Trust ,153541
Soulja Boy,Juice II,153454
K. Camp,K.I.S.S 3,152849
Various Artists,Hip Hop TXL Vol 8,152737
Various Artists,Hip Hop TXL Vol 33,152704
Slim Thug,North Side Boss,152695
Various Artists,Hip Hop TXL Vol 45,152359
Montana Of 300,Cursed With A Blessing,152149
Kendrick Lamar,The Poems Of Kendrick,151376
50 Cent,War Angel LP,150453
Plies,Da Last Real Nigga Left,150231
PeeWee Longway,The Blue M&M Vol 2 (King Size),149769
Jeremih,Late Nights: Europe,149759
Harry Fraud,Adrift,149542
Trae Tha Truth,Tha Diary Of Tha Truth,149177
D-Pryde,Mars,148979
Various Artists,Hip Hop TXL Vol 41,148518
Juicy J & Project Pat,Cut Throat,148227
Shy Glizzy,For Trappers Only,148109
Cardi B,Gangsta Bitch Music Vol 1,147601
Various Artists,Hip Hop TXL Vol 37,147532
Wale & 9th Wonder,Back To The Feature,147501
Lil Wayne,Haemoglobin (My Flag Red),147182
Various Artists,Whiteowl Drop That Pt 214,146685
Rick Ross,Renzel Remixes (Disc 1),146038
Jay-Z,Creative Control,145975
Various Artists,Hip Hop TXL Vol 35,145697
Various Artists,Hip Hop TXL Vol 36,145579
Omarion,Care Package 2,145469
Lil Reese,Supa Savage,144955
Fredo Santana,Fredo Kruger,144783
Rockie Fresh,Driving 88,144682
Childish Gambino,The Great Gambino,144308
Wiz Khalifa,28 Grams (No DJ),144217
Chinx,CR5,144002
Red Cafe,Hells Kitchen,143929
Jaden Smith,The Cool Cafe,143714
King Louie,Drilluminati 2,143571
Ab-Soul,Long Term,143515
Various Artists,Hip Hop TXL Vol 38,142852
Nipsey Hussle,Bullets Ain't Got No Name Vol 2,142809
Meek Mill,Meekend Music,142760
Various Artists,Hip Hop TXL Vol 31,142464
Chief Keef,Bang Mixtape,142422
Gudda Gudda,Guddaville,142146
Various Artists,Hip Hop TXL Vol 42,142008
Los,The Crown Aint Safe,142002
Juicy J,shutdafukup,141797
Ace Hood,Body Bag 4,141716
French Montana,NY On Top: Year Of The Underdog,141636
Tink,Winter's Diary 2,141532
Wale X A-Trak,Festivus,140878
Raekwon,Unexpected Victory,140816
Young Dolph,Bosses & Shooters,140620
Lil Wayne,Da Drought,140197
Wale,Mixtape About Nothing,138901
Plies,Aristotle,138718
Various Artists,Hip Hop TXL Vol 18,138685
Funkmaster Flex,Who You Mad At? Me Or Yourself?,138654
Lloyd Banks,Halloween Havoc 2,138416
50 Cent,Forever King,138215
Nipsey Hussle,The Marathon Continues: X-Tra Laps,138173
Game,Purp & Patron (2 Disc),137521
Berner,Urban Farmer,137454
Lil Durk,Love Songs For The Streets,137176
Chris Webby,The Underclassmen,136758
Ace Hood,Body Bag 3,136518
Ty Dolla Sign (Ty$),Beach House,136383
Lil Wayne,The Carter 3 Mixtape,136262
Mac Miller,You (EP),136228
Chief Keef,Two Zero One Seven,135914
Chip,London Boy,135683
Snoop Dogg,That's My Work 2,135436
Chris Webby,Teenage Mutant Ninja Rapper,134632
Curren$y,Stoned On Ocean,134568
Akon,Konkrete Jungle,134086
2 Chainz,Chain Gang,133724
Chinx Drugz,Cocaine Riot 2,133709
K. Camp,You Welcome,133470
Young Dolph,High Class Street Music 4 (american Gangster),133458
Instrumentals,Got Instrumentals Lex Luger Edition,133362
Casey Veggies,Customized Greatly 3,133003
Various Artists,Hip Hop TXL Vol 39,132965
Ace Hood,Trust The Process (Deluxe Edition),132918
Gucci Mane,Trap House 4 ,132597
Various Artists,Hip Hop TXL Vol 30,132468
Kendrick Lamar,Cartoon & Cereal (EP),132287
Don Q,Corner Stories,132276
Los,Worth The Wait,132209
Kanye West,Eyes Closed,132175
Gudda Gudda,Guddaville 3,131395
Don Trip,Help Is On The Way,131381
Juicy J,Rubba Band Business,131083
T-Pain,The Iron Way,130971
Waka Flocka,Benjamin Flocka,130849
21 Savage,Slaughter King,130709
A$AP Rocky,Deep Purple,130544
Ace Hood,The Statement,130230
Juicy J,Gas Face,130162
Various Artists,Hip Hop TXL Vol 47,129695
Big K.R.I.T.,12 For 12,129405
Miguel,Art Dealer Chic Vol.1 EP,129248
Various Artists,Hip Hop TXL Vol 49,129109
Masspike Miles,Skky Miles,128917
Various Artists,Hip Hop TXL Vol 52,128885
Roscoe Dash,2.0,128797
Remy Ma,I'm Around,128594
Gucci Mane & Migos,The Green Album,128198
Talib Kweli & Z-Trip,Attack The Block,128157
NBA Youngboy,Mind Of A Menace 3,127879
Various Artists,Hip Hop TXL Vol 51,127867
Blac Youngsta,F*ck Everybody,127634
Various Artists,Hip Hop TXL Vol 22,127590
Various Artists,Hip Hop TXL Vol 13,127534
August Alsina,The Product,127143
Royce Da 5'9,Trust The Shooter,127115
MMG,Priorities 4,126833
Lil Herb & Lil Bibby,The Best Of Lil Herb & Lil Bibby: Heir Apparents,126775
Cory Gunz,Son Of A Gun,126736
Drake,O.V.O,126356
Memphis Bleek,The Movement,126129
Fetty Wap X PNB Rock,"Money, Hoes & Flows",126115
Busta Rhymes & Q-Tip,The Abstract And The Dragon,125794
Plies,Aint No Mixtape Bih 2,125421
Various Artists,Hip Hop TXL Vol 58,124959
Cam'ron,The Program,124930
Gucci Mane,Trap House 5 (the Final Chapter),124725
Curren$y & Young Roddy,3 Piece Set: A Closed Session,123780
Lil Wayne,New Orleans Nightmare 3,123567
Gucci Mane,King Gucci,123566
Domo Genesis,Under The Influence,123296
Migos & Rich The Kid,Streets On Lock 4,123274
Mike Will Made It,Ransom,122969
Paul Wall,No Sleep Til Houston,122732
Nas,The Nigger Tape,122527
JAY PARK ,Fresh A!r:breathe !t,122286
Vince Staples & Larry Fisherman,Stolen Youth LP,122266
Yo Gotti,Cocaine Muzik,122227
"Lil B ""The BasedGod""",Gods Father,121978
MMG,Priorities 5,121778
Fetty Wap,Two Face: Fetty Wap Or Zovier 2 (The Mixtape) [Hosted By @OfficialYoungRB],121711
Yo Gotti & Zedzilla,Cocaine Muzik 4: Gangsta Grillz,121636
Lloyd Banks,V.5,121630
Shyne,Gangland,121554
Mike Posner,The Layover,121535
Diggy Simmons,Airborne,121355
Chris Webby,The Checkup,121142
Young Jeezy & CTE,#ItsThaWorld,120863
50 Cent,Guess Who's Back?,120802
Lil Boosie,Lil Boosie Bad Azz AKA Hollywood Hatchet,120637
Game,Hoodmorning (No Typo): Candy Coronas,120493
Fred The Godson,Contraband,120205
Vado,Slime Flu 5,120131
Wiz Khalifa,Reefer Party,119929
Various Artists,Hip Hop TXL Vol 4,119825
Fred The Godson,Gordo Frederico,119646
Lil Wayne And Young Money,YMCMB: The Mixtape,119579
Young Buck,10 Bodies,119255
Hustle Gang,Hustle Gang Over Errrrythang,119254
Joe Budden,Mood Muzik 3,119203
Caskey,The Transient Classics,119144
Stalley,Honest Cowboy,118971
Various Artists,Hip Hop TXL Vol 55,118714
Drake & The Weeknd,OVOXO,118688
Various Artists,Hip Hop TXL Vol 56,118020
Ransom,The Alternative,117858
Yo Gotti,Cocaine Muzik 4.5 (Da Documentary),117827
Kid Cudi,Rap Hard (Demo),117537
Waka Flocka,DuFlocka Rant: 10 Toes Down,117453
DRAKE,The Best Of Drake - 50 Tracks !,117301
Maino & Uncle Murda,Yellow Tape (King Kong & Godzilla),116791
Young Dolph,High Class Street Music 5 (The Plug Best Friend),116777
Meek Mill,Flamers 2.5: The Preview,116774
Nipsey Hussle,Famous Lies And Unpopular Truths,116594
Chance The Rapper & Jeremih,Merry Christmas Lil Mama,116462
French Montana,Coke Boys Tour Mixtape,116180
Young Buck,10 Pints,116010
Cyhi Da Prynce,Royal Flush 2,115982
Machine Gun Kelly,Rage Pack,115840
Childish Gambino,EP,115839
Isaiah Rashad,Welcome To The Game Hosted By @mosthated81 & Multi,115690
Travis Porter,Music Money Magnums,115141
Nipsey Hussle X Bino Rideaux,No Pressure,114924
Don Trip,Randy Savage,114442
Yo Gotti,Cocaine Muzik 3,114282
Snoop Dogg,Thats My Work 3,114211
Rocko,Gift Of Gab,114206
Boosie Badazz,Happy Thanksgiving & Merry Christmas,113815
K Camp,RARE,113636
Mila J,Battlefield America Soundtrack Mixtape Vol. 1,113515
Rich The Kid,Dabbin Fever,113508
Casey Veggies & Rockie Fresh,Fresh Veggies,113420
Yelawolf & DJ Paul,Black Fall (EP),113382
Young Jeezy,I Am The Street Dream,113188
Young Scooter ,80's Baby,113172
Various Artists,Hip Hop TXL Vol 81,113046
Lil Reese,Supa Savage 2,112845
King Lil G,#ak47boyz,112055
Iggy Azalea,Glory (EP),112e3
Torch,Tax Season,111839
Blac Youngsta,I'm Innocent,111379
Jay-Z & 9th Wonder,Black American Gangster,111243
Chris Webby,The White Noise LP,111190
Freddie Gibbs,Cold Day In Hell,110741
Various Artists,Hip Hop TXL Vol 50,110734
Tyga,Outraged & Underage,110629
T-Pain & Lil Wayne,T-Wayne,110523
Rich Homie Quan,ABTA : Still Going In,110512
PARTYNEXTDOOR,PNDCOLOURS,110306
Hell Rell,Not Guilty,109439
Yung Berg,Chicago Redemption,108866
Curren$y,The Legend Of Harvard Blue,108863
Schoolboy Q,Schoolboy Turned Hustla,108616
Gunplay,Acquitted,108418
Meek Mill,Flamers,108379
Chevy Woods,Gang Land 2,108156
Problem,Welcome To Mollywood 2,107919
The Cool Kids,Gone Fishing: Instrumentals,107487
Various Artists,Hip Hop TXL Vol 11,107357
"Lil Wayne, Juelz Santana",My Face Can't Be Felt,107207
21 Savage,Slaughter Tape,107176
The Lox,The Trinity (3rd Sermon),107014
Blac Youngsta,Illuminati,106995
Waka Flocka ,Flockaveli 1.5,106919
Various Artists,Hip Hop TXL Vol 28,106769
Schoolboy Q,Gangsta & Soul,106612
Cyhi The Prynce,Ivy League Club,106286
Gucci Mane,The Spot (Soundtrack),106250
Various Artists,Hip Hop TXL Vol 29,106181
Curren$y,Weed & Instrumentals ,106163
Wale,100 Miles and Running,106054
Blac Youngsta,Young & Reckless,105949
Rich Homie Quan,DTSpacely Made This,105143
Various Artists,Hip Hop TXL Vol 17,104936
Roscoe Dash,Dash Effect,104814
Mark Battles,Walking Distance,104777
Various Artists,Hip Hop TXL Vol 77,104646
The Neighbourhood,#000000 & #ffffff,104605
XV,Popular Culture,104089
Cyhi The Prynce,BHP 2: N.A.A.C.P,104028
Gucci Mane,Gucci 3D By Gucci Mane,103632
Jay Electronica,What The F*ck Is A Jay Electronica,103593
Tory Lanez,Sincerely Tory,103447
Plies,On Trial 2,103227
Kirko Bangz,Progression IV,102894
Lil Wayne,The Prefix,102671
Ar-Ab,Who Harder Than Me 2,102659
Game,Purp & Patron: The Hangover,102641
Bow Wow,Im Better Than You,102269
Pretty Ricky,Sex Music Vol. 1: Streets N The Sheets,102137
Young Buck,Live Loyal Die Rich,102031
Gucci Mane,East Atlanta Santa 2,101951
Ludacris,A Hustler's Spirit,101909
"2 Chainz, Cap 1, Skooly & Short Dawg",T.R.U. (The Real University),101904
Vince Staples,Shyne Coldchain Vol. 2,101896
Jim Jones,Vampire Life 3,101638
Papoose,Hoodie Season Pt 2,101310
Rick Ross,Black Diamonds,101192
Wiz Khalifa,Northern Lights,101163
Curren$y & Jet Life,Red Eye Mixtape,101083
The Furnace,The Homebass Ep,100865
Cassidy,Da Barbarian,100726
Various Artists,Hip Hop TXL Vol 27,100489
Dom Kennedy,From The Westside With Love,100486
Big K.R.I.T.,Last King 2 (God's Machine),100482
Tech N9ne,Bad Season,100415
Wale,Before I Shine,100295
Nelly,Scorpio Season,100251
Chief Keef,Almighty DP 2,100229
Various Artists,Hip Hop TXL Vol 53,100170
Waka Flocka Flame,Salute Me Or  Shoot Me  2,100141
O.T. Genasis,R&B: Rhythm & Bricks,100086
